id,name,email,password_hash,role,home_country,home_city,trust_score,average_transaction_amount,account_number,balance,created_at,updated_at
1,Renee Guerra,james13@example.com,4364eabd147517c8a892afc85b7c8dbcdb848cffef5929c08908f3e28b2c5da9,CUSTOMER,GB,London,77.9,70.25,AL5319764854420580,4095.63,2025-04-28 20:33:22.138870,2025-06-22 20:33:22.138870
2,Melissa Ortiz,mortoncraig@example.org,d89d27fb4960b2414ab26792476ce1a20c7c9e5ec377ad81b5bb197d083ffdea,CUSTOMER,GB,Birmingham,87.0,108.08,AL0517697394393047,924.34,2025-02-04 22:48:03.138870,2025-03-13 22:48:03.138870
3,Luis Jones,odixon@example.org,014ab3b4aed72c293ddefa3e930765fb0b392b2cf3c1683fba93ddc95e3ed624,CUSTOMER,AL,Elbasan,71.6,90.98,AL8226618180777647,678.91,2025-06-22 11:07:21.139870,2025-10-11 11:07:21.139870
4,Rhonda Valenzuela,halldavid@example.net,ef6367179a91462a6f2c22485dc56ec1f300a0b1c5eab2aaf6a24151f048bcf1,CUSTOMER,DE,Hamburg,72.8,175.88,AL6550573603492249,200.35,2025-06-05 20:58:39.140871,2025-11-22 20:58:39.140871
5,Sherry Pearson,jonathan79@example.net,2c7e4024f19d0c5ffa900445ffe274e9933555f6733fe6bd8a6f2df9f7721052,CUSTOMER,AL,Shkodër,80.9,444.34,AL4831301077647195,2255.48,2024-05-25 20:10:00.140871,2024-09-01 20:10:00.140871
6,Mr. Mark Garcia,lflynn@example.com,27d0ea5ea84464c19f118ea7a599053e853a76908500c130a27b8f580eff721b,CUSTOMER,AL,Durrës,92.7,217.42,AL9394642792727747,263.74,2024-12-21 16:34:49.141870,2025-02-13 16:34:49.141870
7,Kara Crawford,williammorales@example.com,82790b38ab58521873c7bef826e8527f0aa0a6ae21dfda284ae45dfacff54199,CUSTOMER,MK,Kumanovo,48.0,670.73,AL4764361506607470,8423.51,2025-06-02 20:54:12.142869,2025-07-09 20:54:12.142869
8,Shelley White,melissajohnson@example.org,c61f70e8d7eb32d56bfc8b325e99c7c2a9a6940af2db6daba8c5e2bb2d10a842,CUSTOMER,AL,Shkodër,77.6,1416.53,AL5201944470024644,248.56,2025-09-04 05:05:39.143869,2026-03-10 05:05:39.143869
9,Shannon Brown,halechristine@example.com,2b64be8c903de49caf8d83c6eeaa70ce90ae3c0754094cc4d923b795031324ad,CUSTOMER,AL,Elbasan,75.8,337.39,AL5135316612267797,4789.16,2025-08-11 12:58:05.144867,2025-12-11 12:58:05.144867
10,Caitlin Roberts,crystalsmith@example.net,d13637f8aa6fb4cae5d9ff17465581d887577f9cb1db7ae81177527d97b9cbaa,CUSTOMER,AL,Durrës,80.0,76.85,AL9626592991150249,1420.67,2024-07-20 21:45:49.146867,2025-02-03 21:45:49.146867
11,Kevin Young,christophermcgee@example.org,ce512003b271b1b4a23dc634d2d7b628abb7c5ed68bd79bd109c3368a02b1b6b,CUSTOMER,GB,Leeds,52.6,296.48,AL8077320992010881,617.22,2025-08-31 04:57:26.147865,2025-11-12 04:57:26.147865
12,Carol Hudson,briandavis@example.com,7e97546c5d42f9efa2c19dff356c973c3af88d9abc382a8666d7aa676a9a5857,CUSTOMER,TR,Antalya,71.2,1321.41,AL0122106912596754,664.35,2025-02-27 13:07:54.148867,2025-04-07 13:07:54.148867
13,Maria Nielsen,whitneysanchez@example.org,32225473d90e69fc101bf13f4dd7ba0feff3e7c8c294fa120937cb708b2d7e85,CUSTOMER,FR,Lyon,66.5,49.82,AL5639529940551681,1256.06,2024-06-10 22:20:17.149867,2024-11-06 22:20:17.149867
14,Susan Martin,zadams@example.org,55855853099d16e588612298f416380c742fc79460442828fef6b55d3a57a72c,CUSTOMER,RS,Novi Sad,88.4,2326.72,AL1282742357698762,294.33,2025-07-03 17:38:31.150865,2025-09-23 17:38:31.150865
15,Janice Williams,joshua97@example.com,a08a151cdf7130367cf28399279083eff5bc1f4e8e778d6b25e4b4169f8b70a1,CUSTOMER,IT,Florence,81.3,29.69,AL8045311833919951,623.76,2024-09-11 12:22:32.151865,2025-01-04 12:22:32.151865
16,Kevin Bennett,pruittchristine@example.net,b93413a835fad270be68fcd4dc199588c74ab558cc51ef28ab4bb56981c18603,CUSTOMER,AL,Elbasan,79.7,183.86,AL3839578785041822,11614.76,2026-01-05 14:03:27.151865,2026-02-23 14:03:27.151865
17,Jared Ryan,davisstephanie@example.com,3fa82f9aa45dc9d8876c1eb866d642db4fbdb88348ab0dec8e752f75398693ee,CUSTOMER,AL,Tirana,56.7,97.94,AL8929385766677185,1378.63,2024-12-26 13:07:19.152864,2025-07-07 13:07:19.152864
18,Ryan Clark,vparrish@example.org,a06b77f80d5393c4d17f1daf913c743650d8db07654619a35e099fa754391648,CUSTOMER,AL,Shkodër,80.4,184.16,AL2335373431622796,14742.17,2024-08-30 19:33:02.153864,2025-03-01 19:33:02.153864
19,Joseph Ramsey,sburton@example.com,23bcca65e14675fbe971508a615ab434bae9edbd2702e59425747370075a425e,CUSTOMER,AL,Shkodër,76.2,414.43,AL1702565891966067,3281.85,2024-11-02 17:11:58.153864,2025-02-14 17:11:58.153864
20,Raymond Powell,djenkins@example.com,3e2a309ce1d27a66903d4ae95edb75395344e54f4d9bba8b0698136cab2cfe7b,CUSTOMER,AL,Tirana,58.0,59.95,AL2750056111505446,1221.76,2024-07-06 22:58:25.154862,2024-10-18 22:58:25.154862
21,Brittney Jordan,igarcia@example.com,011a2729fb22d85556ea6a4bed4b15f992276b88475dfb6f14f3c0cdce0ea49e,CUSTOMER,US,New York,36.7,1701.82,AL7497267378876273,878.93,2024-12-04 06:10:46.155861,2025-02-04 06:10:46.155861
22,Ralph Sanchez,csims@example.org,8da764a4d7edac77a0e08ec214a9c4927eae1ea322dcd1646a95ef7541ca995a,CUSTOMER,AL,Durrës,38.3,812.23,AL7641369078941288,54.31,2026-01-02 18:53:13.155861,2026-05-09 18:53:13.155861
23,David Cruz,adamsamy@example.net,e6cb95ddac1a87108b4c7a40a66e1d2d865ed683d92faf2cef93ac9a4441fa02,CUSTOMER,DE,Hamburg,93.6,141.28,AL0359775139086278,3142.99,2024-06-14 07:08:56.156861,2024-10-25 07:08:56.156861
24,Cynthia Byrd,stacieprince@example.org,f40e87af576f97c0e5c2afe0aeee0952e3087a0a51c4339572d2ae026d25b354,CUSTOMER,IT,Florence,72.7,288.84,AL7810926900010869,118.71,2024-05-23 17:48:11.157861,2024-10-30 17:48:11.157861
25,Jacqueline Wright,ireese@example.com,f9f63300d633a7e57d2e75312ff99357fd7c7449ddcb09d93c8db32b65d98870,CUSTOMER,TR,Antalya,77.0,108.43,AL4211655756084187,289.4,2024-09-26 06:07:39.158860,2024-09-29 06:07:39.158860
26,Larry Brady,vedwards@example.org,a4471cf951064d31ed88a9f344f10dec856ce64fe7b0f7118de6e1af07a50c7d,CUSTOMER,FR,Marseille,77.7,1929.32,AL7413071395457268,1887.26,2025-10-15 14:00:56.159858,2026-02-06 14:00:56.159858
27,Jeffrey Silva,jonesthomas@example.org,eb86cd23851fcfc1d135d3a7506dfff49c0c38fe9f2c2c473b807e5b8ea4ae67,CUSTOMER,GR,Athens,62.8,162.17,AL6494119192036476,1054.9,2026-01-02 13:39:35.159858,2026-07-15 13:39:35.159858
28,Brian Taylor,hansendiane@example.com,acf9b51d8836b0df339146d26c78147dd5cccbeacd6f17f68dfb1ee59728c017,CUSTOMER,AL,Tirana,56.3,36.33,AL2053557565663273,197.77,2025-07-08 20:20:22.160858,2025-10-25 20:20:22.160858
29,Robyn Murphy,manuel88@example.com,cdd8c94f792e2968d2a88fd7d0deb537039413993e5d81dc0e055f55fe6570f5,CUSTOMER,IT,Naples,74.3,5525.94,AL2723583401008880,713.82,2024-09-04 22:57:55.161858,2024-12-26 22:57:55.161858
30,Christina Lee,michael32@example.com,6503e2e1d5e16f13ba31806c9224c8900a745ff30bda56916952308a537155a7,CUSTOMER,AL,Shkodër,90.0,751.94,AL1266153590947437,105.48,2025-09-01 05:22:41.161858,2026-01-16 05:22:41.161858
31,Mary Burton,ejohnson@example.com,78154a69f7fcaca63be8d3016dbf64e1ff0aeacbfaa67479a8802c83a9de6ddb,CUSTOMER,AL,Tirana,67.6,275.72,AL9995288961548330,1335.72,2024-12-11 01:28:26.162857,2024-12-19 01:28:26.162857
32,Michael Lutz,ryangonzalez@example.com,9481f75809d1f1168ef5462a134c7b0a287c3704ecf486bb5f377b36f9d44cfe,CUSTOMER,AL,Tirana,55.7,158.52,AL4957400228886564,863.7,2025-06-23 11:16:30.163858,2025-11-04 11:16:30.163858
33,Robyn Henderson,lauracooper@example.net,bc7325925e71dfff3c4c0ac26e11161fe1194cc643c843ecdb06fa5e5bd7ae2e,CUSTOMER,AL,Shkodër,74.2,72.95,AL3549351833548551,986.32,2025-04-16 04:06:56.163858,2025-11-01 04:06:56.163858
34,Scott Thomas,kerrymccarthy@example.net,18f4624baff850260e8e481eb3de566cc900c77d755ff218b95cab15dd6a5355,CUSTOMER,IT,Naples,82.4,97.65,AL3155042175679868,750.86,2024-07-19 23:29:23.164857,2024-10-22 23:29:23.164857
35,Hector Kent,costascott@example.org,bc01ad689e80a3cea4de20740012d918b4345c08f6ccf830c48abf3848660cf6,CUSTOMER,MK,Kumanovo,80.4,13.57,AL6596491912879763,92.05,2025-05-03 03:12:20.165858,2025-07-01 03:12:20.165858
36,Robert Jackson,oanderson@example.com,d9fb4eb099c1c15e1db4844f5e4c61116fe8d3e3645cf5ac5fc15e7436b379c9,CUSTOMER,GB,Leeds,96.2,131.01,AL0255829482003903,1560.74,2026-03-25 10:51:13.166856,2026-04-15 10:51:13.166856
37,Anthony Turner,yboyd@example.org,14b213da53aeae280b99ddd9962b8300e76a99f6c4aa325b2d8c41d273594ed9,CUSTOMER,FR,Lyon,53.1,418.04,AL2840952650746866,230.24,2024-07-26 15:25:47.166856,2024-10-17 15:25:47.166856
38,Patricia Leach,kelsey77@example.com,c8aeb6acef50c0d35bd88a71a8d26de87fadc1cc5e9325ac0e2bc112b44c269a,CUSTOMER,AL,Elbasan,74.8,5214.47,AL1606347485962745,2759.72,2024-09-03 04:02:23.167854,2024-09-30 04:02:23.167854
39,Keith Ford,nina42@example.com,06c8ca74c0f40b42b1082fe7b94e9008299592ac95ef5f23b1acf7d992b4c49c,CUSTOMER,RS,Belgrade,60.3,53.25,AL0032503496834489,1068.12,2025-08-25 06:26:44.168854,2025-12-03 06:26:44.168854
40,Lisa Lee,emilylewis@example.com,9c745862c333887279af9fa0f03734c0c659b38fd9a55b1d0bd54a6db34c2a34,CUSTOMER,AL,Durrës,44.1,221.87,AL5660282231138020,1961.68,2025-04-09 12:22:16.168854,2025-07-30 12:22:16.168854
41,Kathryn Simpson,spencerjonathan@example.com,271ddd7208dd15fbfaafe06413f5f2d3c8ac21dfb509fb688c7ebe6390efae96,CUSTOMER,GB,Glasgow,85.1,652.06,AL4115314639759410,37.42,2025-01-08 00:00:48.169854,2025-06-04 00:00:48.169854
42,Brett Walker,morenoelizabeth@example.com,0a08b749c1139ad210eac01480704cbc5653c4e6f1789eafa4e866f0ac49f30a,CUSTOMER,AL,Elbasan,67.0,15.11,AL1637086429343241,3141.63,2026-02-10 00:19:03.170854,2026-02-10 00:19:03.170854
43,George Bryan,msanchez@example.org,f1445c94694229c1d91b5defe735ecede88e7f47f7a54dc3f262817fb9181ea0,CUSTOMER,TR,Bursa,92.3,241.17,AL5223529486327329,198.3,2025-04-02 07:18:13.171856,2025-07-09 07:18:13.171856
44,Kevin Patterson,jaymartin@example.net,af19b469040c313b59dfe2826f6ed42da3bae94eef4e1dc640c66cc57623ec1f,CUSTOMER,FR,Bordeaux,74.4,262.42,AL0117642052568402,16258.84,2025-06-04 13:50:00.171856,2025-11-21 13:50:00.171856
45,Steven Herman,leegeorge@example.com,138366f62fb3b331cbd01b6e27eaedb6ec63de8c8684f18a588d958b98af0a71,ANALYST,AL,Shkodër,69.6,156.64,AL0378135716225463,2850.81,2024-06-14 07:58:15.172854,2024-12-03 07:58:15.172854
46,Hannah Morris,jonesemily@example.net,b1c38f620ad3f652d41be48a69714a19529c26ce6855a8f7063fc49392a19068,CUSTOMER,AL,Tirana,42.0,270.52,AL8152171660175192,973.02,2026-04-02 05:32:19.173853,2026-04-02 05:32:19.173853
47,Jose Orr,mahoneycurtis@example.org,7ad4aadf74e24ba77dc141ec1d3f438d45b41acb2f7ddfc7ee4fd4c89b77289d,CUSTOMER,RS,Novi Sad,73.1,715.55,AL7045123698100512,5108.98,2025-12-28 07:57:39.175853,2026-06-13 07:57:39.175853
48,Danielle Stevens,brycedennis@example.org,1ff4e3f2a952b70c5d149cc22c589ca397e7572214a510a8817f688b47aa22f1,CUSTOMER,DE,Frankfurt,58.0,66.66,AL9149590073544907,600.05,2025-10-27 13:11:56.176849,2026-04-22 13:11:56.176849
49,Scott Green,agarcia@example.com,1dfb2b6e88743b4f776291caf205e0b0908e31c884f243abac7e38177cacb490,CUSTOMER,FR,Bordeaux,37.8,339.63,AL3487686345076757,11408.99,2024-06-03 15:27:20.176849,2024-08-30 15:27:20.176849
50,Samantha George,annaflynn@example.net,80c6ec3ec2f640aeb9b07ce09429b9a87f142c4d53c7839e23b1a9dbf62eb56f,CUSTOMER,MK,Skopje,41.2,99.14,AL9938798636336553,4691.45,2026-02-08 21:13:44.178848,2026-04-30 21:13:44.178848
51,Tom Burton,villajesse@example.com,6b48a33b867988365a4c8a02c4e056ea56f559058bd2feb69d31c64736a6d611,CUSTOMER,GR,Athens,77.1,135.95,AL0309721047583242,146.46,2025-09-02 12:48:08.180847,2025-12-06 12:48:08.180847
52,Nicholas Davis,schroedertrevor@example.com,da2915fd54cae844d46f9f0bd6213ef476d043e247a31b1e759cbb352903bc1f,CUSTOMER,AL,Elbasan,65.5,231.39,AL1221237387919693,212.73,2025-04-22 16:57:22.181847,2025-10-29 16:57:22.181847
53,Jenny Brown,littlemichael@example.net,e44af6ab4146e8992dcd8488efb1017035fc544fbe10b309d928d5016c410f51,CUSTOMER,AL,Vlorë,92.8,1090.0,AL0241183557728384,1278.99,2025-07-15 07:47:36.183845,2025-07-21 07:47:36.183845
54,Laura Salazar,joshua69@example.com,e2e42344bbccfd8460b8bec6973b0b704f286b38aab9fcc0f2ee5894621ee82a,CUSTOMER,AL,Shkodër,95.5,115.97,AL1640412871858735,8477.26,2024-10-29 11:13:57.184845,2025-02-12 11:13:57.184845
55,Jordan Williams,palmerheather@example.org,9c447a65d12dd04c45ea4a004e749debe00ad3b4bc1856a41aa60656622c48e9,CUSTOMER,AL,Vlorë,74.6,167.09,AL3584313119048911,2655.32,2025-10-07 13:27:06.185844,2026-04-16 13:27:06.185844
56,Steven Miller,qcarter@example.net,eb2d324d6cf73e3780b8567cc9befc91e39265798b37be44c8d49fe2d04ba92c,CUSTOMER,AL,Elbasan,68.7,756.23,AL4556189188734818,191.78,2025-11-28 17:06:46.186846,2026-05-31 17:06:46.186846
57,Samantha Le DDS,morganjoseph@example.net,fae631632cd066be98fafe1151800136db9c956b4101d1e9891c9e8ff0b54b8f,CUSTOMER,AL,Durrës,69.0,1267.31,AL5426705922803471,717.52,2024-09-20 23:37:04.187842,2025-02-24 23:37:04.187842
58,Dr. Susan Hale DVM,nathansmith@example.net,bfd3dbbe768e1f9934da5a08f0913a0d3041054f0fc04869dbca3c10c3cc0c61,CUSTOMER,AL,Tirana,44.4,512.95,AL4695351069850942,696.5,2025-02-04 12:24:41.188843,2025-08-01 12:24:41.188843
59,Shelley Arnold,tspencer@example.org,f0c26e915aab0ca80bf7c2ca7faace31882e326c4643099847f29fac03e1e151,CUSTOMER,IT,Naples,68.3,695.52,AL5579341643644421,1826.79,2024-08-05 02:37:44.190841,2024-10-08 02:37:44.190841
60,Ashley Fitzgerald,robert63@example.org,cda920f4e125ff299d3dc9b35cfc8d85e8dd2c0ee71043d283ccb243a2c9e331,CUSTOMER,IT,Turin,56.2,606.37,AL2961182712226997,2763.36,2025-01-10 20:55:55.191840,2025-02-19 20:55:55.191840
61,Terry May,ronald70@example.org,d14e7586f47b4b4b950c7d613ba832ec8757b5a689015ca7f49fd78d7e17d7ec,CUSTOMER,FR,Bordeaux,45.1,158.01,AL4650547896341988,261.86,2024-12-06 12:26:00.191840,2025-05-26 12:26:00.191840
62,Antonio Luna,justin41@example.com,d2d2d7955dd252a6dc50306c4058c420e8e470504ed96fd73d6c432869db13dc,CUSTOMER,AL,Elbasan,75.1,276.53,AL9079727146462666,1309.66,2025-04-06 22:20:58.192842,2025-06-02 22:20:58.192842
63,Mark Finley,ksanchez@example.net,85f2b47c5caa6b8bb4ccc59b321b8739a4ddb767dc1af96ba57768fad740a8e0,CUSTOMER,DE,Berlin,70.4,203.48,AL4718216761134921,1540.99,2025-08-09 21:58:43.193843,2025-08-14 21:58:43.193843
64,Sarah Harris,ehernandez@example.org,2496f4cabde96834d278ef1173eab39c8e0bddd15ab813a5adefa1527c9309c4,CUSTOMER,DE,Hamburg,85.2,121.04,AL8264178511455252,1437.33,2025-07-01 03:43:01.194838,2025-11-15 03:43:01.194838
65,Maria Smith,kerrjill@example.net,d4e143c324047dbb7d91f1e5e3baa6f3265df21c73e018c90e5b1b9875327bc5,CUSTOMER,RS,Novi Sad,73.3,1065.88,AL2036733768989433,10209.74,2025-09-27 05:32:37.195838,2026-02-16 05:32:37.195838
66,Kelly Harris,draketiffany@example.com,964bb90539cb676885147ca97b813c72ee5845285a79e43a48250b2b6b1eb2e2,CUSTOMER,AL,Durrës,57.6,183.36,AL0502004870036783,760.64,2024-10-09 03:25:13.196838,2024-11-11 03:25:13.196838
67,Morgan Wright,nelsondaniel@example.net,458a4ed6fdbfa742549fab2212373c6a4e80e434267b69aeb59ad1b05ed55511,CUSTOMER,TR,Bursa,49.8,83.68,AL3725577433426267,3087.62,2025-04-06 04:44:07.198841,2025-09-04 04:44:07.198841
68,Joyce Stewart,kathryncortez@example.org,ee5530b2ed5191361a27ec0598713e58abe392d6ffd828d03b04a4ec29d86a4e,CUSTOMER,AL,Tirana,69.1,831.19,AL4931899984162469,114.32,2026-02-21 22:15:33.199836,2026-04-19 22:15:33.199836
69,Edward Moon,edwardsamanda@example.org,430d9e547247881b529544302d3f7d720e208c53886b9bd88abbd6988a0e964b,CUSTOMER,DE,Frankfurt,91.1,87.09,AL6224271835137215,151.3,2024-07-10 10:39:44.200837,2024-10-08 10:39:44.200837
70,Brandon Johnson,fisherdonald@example.net,803a6178327cc5faf45c68623f3ce6c8ea097ab4ff4f851d2d6942b32f795ac5,CUSTOMER,IT,Florence,78.2,522.92,AL8048489403245413,10171.84,2025-03-24 05:57:52.201834,2025-08-06 05:57:52.201834
71,Anthony Moore,matthew47@example.com,a437597eb8d934d85b788e701d37fda1977ce1d48176bd397568d75a7de26d11,CUSTOMER,AL,Durrës,70.6,50.05,AL2053329642880960,138.79,2025-12-17 21:52:18.202834,2025-12-27 21:52:18.202834
72,April Sims,rshaffer@example.net,67e7d50ec3bae0fb2bdb64e9bbae795ef8d0b29ed6ebc7077a865cb2ee7326b5,ADMIN,DE,Hamburg,67.4,58.3,AL0240349059891893,1248.58,2026-02-01 09:16:43.203835,2026-05-11 09:16:43.203835
73,Thomas Hopkins,johnsoneric@example.net,80a3b08f8800c773cea83eb7c7fbe4ac6591d085eef24961638c20dc54e12959,CUSTOMER,AL,Elbasan,64.5,94.53,AL5364448639897373,4679.51,2024-10-11 03:31:43.204832,2025-04-22 03:31:43.204832
74,Zachary Farmer,bendermary@example.org,6587cbd8bac0e8b1538ca26a34e5b929f8551eb5d3d806c655a0ae8b6302de7d,CUSTOMER,AL,Durrës,53.2,351.55,AL1579382757752589,2908.44,2025-03-21 13:28:03.205832,2025-09-22 13:28:03.205832
75,Amanda Simmons,jsmith@example.com,bc29f2089a89b627722b2c8b0d573786f68032a71bbddfaf91a85366ef3172c7,CUSTOMER,IT,Rome,79.6,1547.44,AL9695003718242440,1596.66,2024-06-06 21:19:53.206832,2024-12-10 21:19:53.206832
76,Katherine Reid,andersonrobert@example.org,26aa260414182d1bb03f7cd3d94206e18ebced386635d1bf1d1418b6b44e0b3a,CUSTOMER,TR,Ankara,85.2,2708.67,AL5290978819598531,2755.64,2025-09-03 14:43:58.208832,2025-09-23 14:43:58.208832
77,Timothy Young,christopher04@example.com,102bfff14882d8a6277a98522b017e585deac6de2a9290b37ea1aac240a54bde,CUSTOMER,AL,Vlorë,22.3,181.03,AL8728027378009554,6539.53,2026-01-23 16:04:20.209831,2026-05-18 16:04:20.209831
78,Caroline Diaz,nicoleholmes@example.net,42b83c755c598a3b0604a755b0555d2ab2d0a4a6f87ff47f479dac4f271e22e8,CUSTOMER,IT,Naples,38.5,238.25,AL1514310591428492,2941.96,2025-12-29 17:46:55.209831,2026-01-14 17:46:55.209831
79,Matthew Mejia,shirleystewart@example.net,e0d49243cf19acc5a6584ff8d4d91337198be3e6010f97b4a0552b6d6afe9096,ANALYST,TR,Antalya,57.8,189.32,AL6027535930397891,3238.28,2025-08-07 13:48:01.211828,2025-08-07 13:48:01.211828
80,Eric Johnson,swebster@example.com,9f5c15be9bc2d9431b061af7f9ee24833c271d62863c314cd3ae15901fa28c0e,CUSTOMER,AL,Tirana,72.9,155.8,AL9237152191068175,3803.52,2024-09-15 19:40:26.212828,2025-02-28 19:40:26.212828
81,Diana Salinas DDS,lisamartinez@example.com,d6d4f41637a1e8fd57734cb584b72e9217c1898caa277d9480f013491aceee42,ANALYST,TR,Antalya,64.9,35.65,AL4774448323131070,1816.38,2024-06-16 08:28:30.213828,2024-11-07 08:28:30.213828
82,Charles Esparza,webermichael@example.net,a80e22397017dbcff1ab3d7159f01435e1364f383478932485e40e6730b09944,CUSTOMER,GR,Patras,58.3,1440.68,AL9025031901115392,1082.26,2025-06-14 20:44:17.215828,2025-09-29 20:44:17.215828
83,Rebecca Hansen,robertrivera@example.com,3ea56eefe22a6291885c4dcc960fdcf33ff9f1299f2e63a49ca5ad42adfa498c,CUSTOMER,AL,Tirana,74.5,148.03,AL4469833715416316,279.45,2026-02-03 14:06:12.217827,2026-03-07 14:06:12.217827
84,Jeffrey Miles,daviskara@example.com,444cd88a8e46b37ed3551861658227346fd857ffea218ba006001636aaec4d10,CUSTOMER,AL,Vlorë,89.8,536.78,AL5059429045494907,9490.61,2025-06-22 18:47:56.218825,2025-10-18 18:47:56.218825
85,Christine Hanson,ryanlewis@example.com,ad8734449dc2c1b932867ee7f3d5085fd8009cfebf7be924e57cd1daa3abc3ac,CUSTOMER,IT,Rome,90.0,346.56,AL7677944618763346,4649.16,2024-12-07 01:56:13.220824,2025-06-10 01:56:13.220824
86,Lindsay Robinson,kenneth13@example.net,83a7f465122dbde89f5e54fad3524bfa4bb93e3c18e35c3a9949d85dcd850acf,CUSTOMER,AL,Vlorë,93.5,424.81,AL7313136172872510,610.32,2024-06-19 16:54:06.221824,2024-12-27 16:54:06.221824
87,Patricia Wilson,amylarsen@example.com,e34bac4d1881188e504d03937b009418e699d289149ece6c9b14dcf128fc7cc4,CUSTOMER,AL,Tirana,73.8,419.88,AL7481322331758710,209.35,2024-09-14 17:50:52.222823,2024-11-01 17:50:52.222823
88,Kaitlin Rios,matthew67@example.com,2a339c5c9c767158d07214b3b40483686cb241d09d9a33014223e256064a98df,CUSTOMER,GB,Manchester,72.2,575.0,AL4337297131231047,54.81,2024-10-22 13:36:52.223822,2024-12-21 13:36:52.223822
89,Katherine Ryan,johnkeller@example.org,b3170698260170d25f416288ad964e9ac822232254017d153a3fffb66e1f3387,CUSTOMER,AL,Elbasan,71.8,314.93,AL4889573470705444,2522.59,2025-02-10 14:12:25.224821,2025-05-11 14:12:25.224821
90,Zachary Edwards,lindsay19@example.org,1e09f2312a1fe4e7ef9bbc498d18f04e1efbdd98e8ceabe22cf5317749f25fda,ADMIN,DE,Frankfurt,78.7,60.47,AL8181314728669439,2506.86,2025-03-21 09:33:04.224821,2025-07-10 09:33:04.224821
91,Aaron Brown,benjaminwebster@example.com,1beb567000a975eba77e16a715dca8861f8686b11e0d83d971dd66b657ac12bc,CUSTOMER,AL,Shkodër,72.5,37.32,AL7128929971269842,423.17,2026-04-20 21:51:49.225820,2026-06-27 21:51:49.225820
92,Aaron Christian,tiffanysmith@example.org,5162182b09eb3da3f4b2021373252591c0b1c6f3071403de29a35111061a4fe5,CUSTOMER,AL,Shkodër,59.0,587.37,AL8826055398022857,381.99,2024-06-16 22:50:43.226822,2024-11-24 22:50:43.226822
93,Christopher Salas,melissa91@example.net,8c5da3e2a141f4783677592adb02dbdc80844eaeb04c58b3cf8cfed98bad5496,CUSTOMER,AL,Vlorë,63.7,34.98,AL5676191464290297,1009.89,2025-06-22 09:55:17.226822,2026-01-01 09:55:17.226822
94,Stacy Preston,baileydaniel@example.net,2f9c43e0e83eda12410d8702c0e19c271cacc6cff360b2c419ffd9a5028f1386,CUSTOMER,AL,Vlorë,62.5,44.43,AL8626212210954924,1782.94,2026-02-13 15:55:27.227823,2026-08-01 15:55:27.227823
95,Christy Adams,angela51@example.org,210e79fcd8af4ee6b8563da512e00d5c4e7dd7b6db208164c25f69848c40a221,CUSTOMER,AL,Elbasan,56.4,489.25,AL0250885306576117,5579.04,2025-02-17 03:39:42.228819,2025-03-10 03:39:42.228819
96,Kimberly Archer,taylorgeorge@example.com,2536bf42d584c097eaac5d3e0327a0208bad138fb812e6d27cccb27dc73701ea,CUSTOMER,AL,Vlorë,63.8,247.14,AL1923565558387997,2451.48,2024-11-29 06:03:48.228819,2025-01-17 06:03:48.228819
97,Melissa Travis,francostephanie@example.net,3cdd7cccc307dc14e8f7065d05a1680c113ef92d56c5d18b4b04eb1f377fb3e6,ANALYST,IT,Florence,88.3,184.24,AL3336640920546802,384.51,2024-09-30 04:13:55.229819,2025-01-28 04:13:55.229819
98,Tamara Evans,tlewis@example.org,5a9628be488ecabd23f6dcbf2a9fb7e4fd8e03f22be7b34c58a89359df4748ad,CUSTOMER,RS,Niš,94.5,287.77,AL8904297356440438,1590.69,2025-07-29 04:00:20.230821,2026-01-18 04:00:20.230821
99,Jose Scott,jacquelineshields@example.net,932d5cc66bfe6d095ae234f0248476a7b3453d668e4d13388b1fab7bbdb12afe,CUSTOMER,AL,Shkodër,71.0,697.62,AL2255477272403947,1355.78,2025-11-17 19:30:08.230821,2026-01-30 19:30:08.230821
100,Chad Tucker,johnrodgers@example.org,4351c070ff3deb741d5ef50427cb40b2f5bd6edbd7eff92a3d2f8e7e96903412,CUSTOMER,AL,Tirana,52.7,2400.64,AL3951129196983812,5276.26,2024-11-18 07:39:05.231818,2024-12-30 07:39:05.231818
101,Glen Smith,kwright@example.net,126a455ed46156c6715d0d67604d81e5c9acacb54e594c34730e3a9f1ad657bb,CUSTOMER,AL,Vlorë,85.0,110.47,AL0648364597447314,825.23,2024-11-24 16:34:04.231818,2025-02-16 16:34:04.231818
102,Susan Thomas,linda74@example.com,4a424fe381cf0c7f736127c19a6e3520b732c9da8c1ad23d730d880f1b401b3f,CUSTOMER,AL,Elbasan,94.7,153.49,AL0872372466912952,2816.34,2024-10-12 12:21:27.232817,2024-12-08 12:21:27.232817
103,Zachary Armstrong,montgomeryralph@example.com,d7d4398ee93259bc730da530a0a9509ed3cad2c8391c867eaf5fccc5615bff62,CUSTOMER,IT,Turin,83.1,3718.86,AL7404409234877288,557.2,2025-03-27 10:04:41.233819,2025-04-03 10:04:41.233819
104,Victoria Ortiz,yolanda33@example.org,a1006650e7f141c1edda9b780dfdf572fd48997600b880f25ec9d252b5a282f3,CUSTOMER,AL,Elbasan,94.2,1895.64,AL7104564593454995,1723.87,2024-11-06 19:40:42.233819,2025-02-04 19:40:42.233819
105,Lisa Terry,lpittman@example.org,6083f272788e7da594e4e111e0201b9e7e1dbea4aa7234cf408d4e49934bf27d,CUSTOMER,AL,Tirana,78.0,33.45,AL9119914613363427,61.47,2024-12-12 11:35:33.234816,2025-01-30 11:35:33.234816
106,Jared Powers DVM,howellbrian@example.net,abcbeed240f5e71cbeae45e002f34e8b2c1a3695ae0bbf8428442c91dc21d399,CUSTOMER,AL,Shkodër,48.6,256.63,AL9091536784932356,3013.0,2024-07-28 01:27:34.234816,2025-01-10 01:27:34.234816
107,Jared Cuevas,bateskaren@example.org,18cea4528d8d71dd399be6bb803ad3ae55f237a1cb1f404a81ee5cf8d26195e8,CUSTOMER,AL,Durrës,51.6,1588.55,AL0515564467834351,4098.72,2026-03-27 16:35:41.235815,2026-07-11 16:35:41.235815
108,Eric Perez,robertbaird@example.net,9aa600d83272201ac67487304e7fd405ab1d200bcd9c68a449b6639d9d6dfbd4,CUSTOMER,AL,Durrës,79.6,21.22,AL6826000958008115,2931.96,2024-09-04 18:00:43.236815,2025-01-03 18:00:43.236815
109,Robin West,jenningsjacqueline@example.org,d52b1e455909d746321b019829d8a7bff898e72314bdc11798f73dcb0dac6fcd,CUSTOMER,AL,Elbasan,79.4,1332.77,AL6182861715998453,16537.27,2025-03-03 07:42:29.237814,2025-08-04 07:42:29.237814
110,Jacqueline Thornton,owenbethany@example.com,1dc3bbaf86ac5aa81d30cfe14a56973850a4c07da45244f5ea0b98424dc5b3a9,CUSTOMER,AL,Durrës,82.5,583.96,AL6675827018466621,458.34,2025-08-14 08:22:08.238814,2025-08-22 08:22:08.238814
111,Connie Johnson,fjohnson@example.com,32718f7a950b34c0d8eb22cbd815c6b90a99e51c898585a8ba031d69ddd48261,CUSTOMER,AL,Elbasan,78.2,421.42,AL3959508779192915,2509.37,2025-02-21 02:30:44.239812,2025-03-06 02:30:44.239812
112,Michael Becker,michellediaz@example.com,4f2d6fdf3d4c844dc46cd7a06c2a238fd7d86761d8ca1c4a8e18845c8616ba32,CUSTOMER,DE,Frankfurt,72.8,6.31,AL7185475539917039,83.2,2024-09-05 06:18:15.240812,2024-10-09 06:18:15.240812
113,Denise Tran,andrewhoward@example.net,5c601af8b4a5d71cea1e1f639ce72c663f38c7521b36cd111dfa4089a1be1767,CUSTOMER,AL,Elbasan,63.1,86.85,AL5649120669514066,280.44,2025-12-04 06:04:08.241811,2026-02-04 06:04:08.241811
114,Andrea Crawford,kaylaellis@example.org,8b67d355b945a10dfe1731071fc9f0badf6d727d9b1d2369676672b0c8bf4d06,CUSTOMER,AL,Tirana,84.5,261.83,AL4892611386421211,2270.24,2026-03-04 05:51:20.242811,2026-07-19 05:51:20.242811
115,Nicholas Harrison,burchjoshua@example.com,28f120909214e2cf962b77de756b3a8d54865af94510e5629071f888d12a51d8,CUSTOMER,AL,Tirana,73.3,220.01,AL3336714042343378,1148.91,2025-06-29 02:35:56.243811,2025-12-15 02:35:56.243811
116,Elizabeth Short,nrivera@example.org,73aea867225302197cbd862dfb19631d04b5c16bf119554061c018ca149ea05d,CUSTOMER,DE,Cologne,86.1,172.8,AL9309627927756299,556.73,2025-04-16 19:21:03.244809,2025-10-29 19:21:03.244809
117,Beverly Pena,ahernandez@example.com,791efcf884050dcf1065642187afd2d261be6c12b11ec2f4d996ed539161911e,CUSTOMER,AL,Vlorë,59.4,411.91,AL5304192401207992,1051.4,2026-02-27 15:05:37.244809,2026-03-08 15:05:37.244809
118,Michael Miller,megan24@example.org,09284e1dce243723a19791c7555292c25838dafd1c9b4daaebcaf90a889cf870,CUSTOMER,AL,Tirana,71.9,433.51,AL4124883359921731,1300.65,2026-02-18 14:58:23.245809,2026-02-24 14:58:23.245809
119,Karen Johnson,georgemeyer@example.org,c6d77a7fe1cee65df3bad96cfe7bcf46cbec29cd565f7e9aef0e98a090fc5d81,CUSTOMER,AL,Durrës,77.5,140.46,AL4463180522094370,174.68,2025-07-16 18:08:43.246810,2025-11-03 18:08:43.246810
120,Sheila Smith,brett23@example.org,8f6b2e57487e9f87c75ff33ed1f4fcaf03f99d3b70c6c98a7f7d81d611d1b743,CUSTOMER,AL,Shkodër,96.0,379.84,AL9435115857146300,817.29,2026-01-26 08:36:12.246810,2026-07-30 08:36:12.246810
121,Susan Beck,gomezruben@example.org,95a2c3ad77dea2c45714af756582aefa5e95b213e38b1c7869d87483a4d286c8,CUSTOMER,AL,Durrës,47.3,45.23,AL9333306022275939,950.58,2024-07-23 09:39:29.247808,2024-12-29 09:39:29.247808
122,Courtney Mills,danielgonzalez@example.net,eeede6d3c51f3229975645d91c5adbf57a3f4ca2903028e5311024fe6ca0c2a6,CUSTOMER,AL,Shkodër,73.5,428.97,AL8730940994700261,720.89,2025-04-15 20:07:19.248808,2025-04-21 20:07:19.248808
123,Michael Wilson,kristie46@example.org,0f31ad3e7da70e37a66ced560392fff56920f801e4c0f907479dfd37a2580a7c,CUSTOMER,US,New York,58.5,1314.3,AL4293840812889473,1171.83,2024-09-03 20:38:27.249807,2024-09-13 20:38:27.249807
124,Elizabeth Clarke,william89@example.org,3e8105e97679df74762d13b2de887990fa274a0940596217ad5b86f5ff3b6c9b,CUSTOMER,AL,Elbasan,82.5,236.6,AL2690749581195512,7249.39,2025-07-04 16:40:32.250806,2025-12-14 16:40:32.250806
125,Brent Jones,ybridges@example.net,15e8f7954940aba826cced84b2af4f48975319e8c220c1ad05d22711f2a61d6a,CUSTOMER,AL,Vlorë,93.7,164.25,AL0055220631392821,1805.87,2025-08-30 06:15:24.250806,2025-09-23 06:15:24.250806
126,Richard Nelson,bjones@example.org,d4ddabf8c4430bcf7f6c467df9003fe661e07efa8b9b8952e06feeeb076a8926,CUSTOMER,FR,Bordeaux,47.7,100.22,AL0815969333364743,1812.68,2025-03-07 18:29:42.251808,2025-04-14 18:29:42.251808
127,Steven Chavez,mitchelltodd@example.net,380ac2b7c75b6114eaa2568aa10cf1fec61950f4417f6cea90e4c6e8c43a80ad,CUSTOMER,AL,Shkodër,82.6,435.82,AL7987484183938542,271.34,2025-03-07 05:11:59.252807,2025-06-08 05:11:59.252807
128,Jeremy Gonzalez,zberry@example.net,1d457473e9e0ad7f4d9132c7cc39b5d07acd4445bbd3a4ded1bcfccfbd1132f6,CUSTOMER,AL,Shkodër,50.2,301.15,AL5970325292519973,571.75,2025-08-07 21:36:21.252807,2025-08-18 21:36:21.252807
129,Angela Jordan,andersonrichard@example.org,7a1937379adb51909c4d1410b0f26835f29653d0dd8a6714c33b721e08270586,CUSTOMER,FR,Nice,91.2,792.75,AL0788569647585800,1375.24,2024-12-16 02:36:14.253808,2025-05-06 02:36:14.253808
130,Nicholas Williams,awilson@example.org,aed7ad8a8112fee08a0e6f4213691e58ed6b74e866569eeacd0311e4d82ac18e,CUSTOMER,TR,Bursa,92.1,341.3,AL0487701221917562,2294.9,2025-11-22 17:26:18.254804,2026-01-22 17:26:18.254804
131,Katie Johnson,mitchell95@example.net,0252b4c1194af38d2d2e35b71329a1e49b92028252328ef00f0eab94ec3d2b6e,CUSTOMER,AL,Shkodër,46.9,36.65,AL2484037554256869,337.93,2025-09-15 22:15:03.255805,2025-12-02 22:15:03.255805
132,Brenda Williams,jonesnicholas@example.com,be11758c5fd25364450fe8fbfd37f4639e275aa894b5a6ceda89e2c15d77b3fc,CUSTOMER,AL,Elbasan,82.4,434.04,AL0900470223932111,55.91,2025-07-27 20:04:49.256804,2025-11-18 20:04:49.256804
133,Monica Jacobs MD,fbush@example.com,f035fa8af8ffc1adff147d26c5269534fc9e78ed430de9fdffe476f3f3062f88,CUSTOMER,DE,Cologne,76.2,248.65,AL5560316057920700,51988.41,2025-11-26 18:10:06.257803,2026-04-16 18:10:06.257803
134,Diana Zimmerman,lcole@example.org,083cf00cb9b52e8d9aec423993fc9d4e665198edf588698c0458cf0c3071fe3b,CUSTOMER,AL,Tirana,62.7,169.47,AL5894158902408169,711.64,2024-09-15 05:51:19.258802,2025-01-30 05:51:19.258802
135,Christopher Martin,jameshall@example.net,b1b89d0e3c81f38a0a112460e9325dd118f41dba0bedb5b2f14ec2434f5aabf1,CUSTOMER,AL,Durrës,51.5,3573.37,AL0188265146980241,1042.73,2024-11-03 01:38:26.258802,2024-11-25 01:38:26.258802
136,David Bailey,joy47@example.org,bb55e457ec6de8cd6d1b390532a79236ca835da29e893ecd0badbcca31cb5ab1,CUSTOMER,GB,Glasgow,69.0,6774.52,AL3503519923151356,2786.11,2026-03-21 00:57:25.259803,2026-07-18 00:57:25.259803
137,Ashley Wright,kgutierrez@example.com,e13db953222feacfa20fadb5e176ecb02b2e95de89a8e0fd53121de95b7385f7,CUSTOMER,GB,Manchester,57.7,310.15,AL5699441594313295,291.55,2024-08-20 06:14:08.259803,2025-02-06 06:14:08.259803
138,Jeffery Gardner,paulahansen@example.org,b4107a7966d9943868ea54840ba7e47708165ed29a7838ca162785c2e7c1637b,CUSTOMER,AL,Tirana,78.0,183.81,AL6862708878543961,98.18,2024-07-10 02:12:08.260801,2025-01-17 02:12:08.260801
139,Bryan Parrish,smithmark@example.net,294d5bde72a38a8635bbcaef51a881ebd66ee206138a40783d07bfe1dd11442f,CUSTOMER,IT,Naples,62.4,941.73,AL8500448575366716,385.16,2024-12-25 08:23:19.261804,2025-06-02 08:23:19.261804
140,Michael Ball,chavezjennifer@example.net,d91f48d6e04d2e5f99a0fbfaa1d7159f634250cd7502075e4ecb831797ac315c,CUSTOMER,AL,Durrës,60.8,86.56,AL0351207883595237,33.43,2025-02-09 18:47:02.263799,2025-05-09 18:47:02.263799
141,Brenda Thompson,hmiller@example.net,21d5beebd9767d469c047f8ab96e787afb78719897b0c9e622dc65a1b4203ed0,CUSTOMER,FR,Lyon,83.1,174.71,AL3592912308838788,250.97,2025-12-31 16:31:28.264798,2026-02-06 16:31:28.264798
142,Donald Green,shawnlong@example.com,8534bc270c3e185b04e168a8452e3e925818540284d169eb3099d29437ae694a,CUSTOMER,AL,Shkodër,87.3,209.41,AL4106679487280596,592.41,2025-07-15 14:50:35.266798,2026-01-18 14:50:35.266798
143,Nicholas Landry,nicolecontreras@example.com,5ea4ccbb85bb4ff6f6353ff06935ace8674f9c21c895cd7fb52aa639460a7fd3,CUSTOMER,IT,Florence,94.2,808.46,AL0295923135837629,572.58,2025-09-13 02:50:57.268797,2026-03-24 02:50:57.268797
144,Amy Baxter,nboyle@example.net,0c1b1f1ef600c41763cfce9699f9371f59f8a2b26e9edc4b9e193053d67e835e,CUSTOMER,MK,Skopje,70.8,82.34,AL9951713308535045,1092.94,2024-07-22 17:04:38.270796,2024-09-27 17:04:38.270796
145,Hector Johnson,jwilliams@example.net,0dbf65b7382ff37413c262984933d8d5e8256effb355040f35005778fcdc794b,ANALYST,RS,Novi Sad,65.0,105.41,AL3256902224808666,10748.81,2026-02-05 18:21:16.271794,2026-03-26 18:21:16.271794
146,Mark Miller,matthewwilliams@example.com,782080007a6dc7d4e4c267511b983e2634ae754f99ac65f5188c17edd864697c,CUSTOMER,DE,Frankfurt,64.0,169.26,AL5674835162688911,795.77,2025-04-26 12:18:39.272794,2025-10-28 12:18:39.272794
147,David Floyd,mikecox@example.com,a9b460d5c467f3061a845742b026a5ad47361d79496ac0c4ff470cf88250f533,CUSTOMER,US,New York,83.6,2372.4,AL0487687681827940,2756.34,2025-11-30 21:23:43.273793,2026-06-05 21:23:43.273793
148,Tracy Hunter DVM,sarah01@example.org,4ffd0e700077cf5c7f7c9f0a8003b389091bc44aec2a64ae7177317729e914c5,CUSTOMER,GR,Thessaloniki,71.4,399.12,AL6827603389854370,47.05,2024-07-02 08:41:06.274793,2024-08-25 08:41:06.274793
149,Bradley Stevens,nina75@example.org,28986b9b045fc579c97d2f69c6a6820ceaa90ed76fb24da654e940fff9dc2f55,CUSTOMER,AL,Durrës,83.4,1369.23,AL9514753302629054,1442.84,2025-08-20 09:54:53.275793,2025-12-06 09:54:53.275793
150,Stacey Hernandez,dlopez@example.net,382fa212956f598d5e1bb0519dc6771f532d172482fb3674d23420536ea90834,CUSTOMER,AL,Elbasan,41.0,91.93,AL7952822883797061,27944.86,2025-02-06 00:12:34.276793,2025-07-25 00:12:34.276793
151,Stephanie Shepard,holtsara@example.com,7e431c6a840a71dfacfe89a2dbbdf03e70c2da8593f004e2b95b53372a032aab,CUSTOMER,AL,Vlorë,34.1,575.71,AL7238639352145838,3792.42,2025-07-10 17:38:15.277795,2025-12-04 17:38:15.277795
152,Diana Nelson DVM,david04@example.com,11af1ee7a81221b134be9c696df2c832cb2f01572ba4cc6317edddceeec67dff,CUSTOMER,AL,Tirana,93.7,657.51,AL4786703685821056,8346.61,2025-03-16 17:46:28.278793,2025-05-12 17:46:28.278793
153,Michaela Brown,andrea00@example.com,b1664792696517bc3501a32eabdcaa09915065f37e67051b7505c87fa62cb5bc,ANALYST,AL,Elbasan,86.9,91.82,AL4811885093988665,961.16,2026-03-11 17:49:10.279791,2026-08-04 17:49:10.279791
154,Mrs. Emily Davis,iholland@example.org,e7ed07d6c888f6b6e256785e8e92b0526746578ba77691b257e7c499fc103e9b,ANALYST,FR,Paris,79.9,1389.18,AL2328108923559404,837.22,2024-10-01 12:10:26.279791,2025-01-20 12:10:26.279791
155,Stephen Roman,cynthia85@example.net,79b6656fe7a2f96ab02f7f7414898eb8ef943f6c95392a2fb7eeeabff3a4e0a7,CUSTOMER,US,New York,88.8,72.97,AL5880721503525471,1897.38,2025-09-19 15:09:38.280792,2025-11-09 15:09:38.280792
156,Trevor Reilly,mariapayne@example.org,d851acfb039d4b2789cff8adab5cd832fbca76326824dc21c7a13e314d4d940c,CUSTOMER,DE,Berlin,80.4,29.13,AL2717490920758105,633.6,2024-12-14 10:16:16.281791,2025-06-08 10:16:16.281791
157,Raymond Nichols,jennifer98@example.net,180ceb4740c018953ce52fb17e2c34d4d721bdc25c0c6e06851f8c73c4970dc0,CUSTOMER,TR,Istanbul,72.3,769.1,AL0059540608892127,1016.44,2025-02-17 20:31:21.281791,2025-03-19 20:31:21.281791
158,Robert Avila,michael94@example.net,1ec8b018f7020d3740ba9f5d207ecabf6efc42a67742917d39484eaf22dadb68,CUSTOMER,GB,Leeds,70.6,62.29,AL1062332762675594,17359.3,2026-03-19 21:39:23.282791,2026-06-04 21:39:23.282791
159,Jeremy Martinez,awade@example.com,5d9b1b760c5bc5a88c794fe27ded7259a049679480d84ce27afd1877191fd1db,CUSTOMER,AL,Durrës,67.7,60.13,AL7739046045612263,6248.77,2024-09-04 22:21:55.282791,2025-02-10 22:21:55.282791
160,Monique Thomas,alexander52@example.com,4b7616c3b4842ccafd56beb155f49ebb59621d351c72d689791639b10a8a6a58,CUSTOMER,AL,Shkodër,84.3,200.31,AL5241972666089999,4161.75,2025-12-15 10:47:10.283790,2026-05-11 10:47:10.283790
161,Tammy Martinez,gadams@example.net,597caafb6b6a39a538b628cb4f1168fe870d0d01d3f347df6f7aab961d968deb,CUSTOMER,AL,Elbasan,36.8,106.39,AL3696425360173454,10475.14,2025-12-02 14:29:03.284790,2026-05-02 14:29:03.284790
162,Sarah Cortez,ilopez@example.org,0b2e5e24a73f2ec83dcc0bab2fa793635e77301e7a183d561bce37c523c3b997,CUSTOMER,DE,Munich,76.8,879.34,AL8435729469417049,745.25,2025-11-27 12:23:04.284790,2026-02-17 12:23:04.284790
163,Dr. Johnny Torres,johnwillis@example.org,414a17842c7d87ff5f4b878b94a5757a90f2935906465189807f705ae1a5e71f,CUSTOMER,AL,Elbasan,57.4,113.04,AL7684004291821214,492.41,2025-09-25 06:24:17.285787,2026-01-10 06:24:17.285787
164,Nathaniel Lopez,brenda87@example.net,ca7c794492394c47fba0eb146e486860114329b9337d11775d3b948a815d92a6,CUSTOMER,AL,Vlorë,68.6,42.31,AL9317111895666597,4774.33,2026-04-22 10:07:51.286788,2026-05-09 10:07:51.286788
165,Alan Powell,tabitha89@example.org,e5ed27c7155f6d8a2fa2b2f648b1bb72469de920d6b78ed990b0274b3c4cf484,CUSTOMER,AL,Elbasan,70.0,74.08,AL6629504935678155,3566.35,2025-06-27 20:17:29.286788,2025-07-20 20:17:29.286788
166,Alex Freeman,fmartin@example.com,3a9c394aaa888dda4d2a9d4db9d3f3190916f14f6aafd993e6dfb832e45bdc52,CUSTOMER,AL,Shkodër,83.9,1362.54,AL0152645433655529,1208.2,2025-06-07 17:48:28.287787,2025-09-27 17:48:28.287787
167,Kimberly Smith,brittanychoi@example.net,557d12165bd29bbe90f3d8d053315b0e2132f4903205f3549c0e8e53717c44bf,CUSTOMER,IT,Florence,93.8,26.78,AL1891627413570968,1728.83,2026-01-04 02:44:27.287787,2026-01-22 02:44:27.287787
168,Helen Miller,marylawrence@example.com,7f95817750424f66a88e51ffd5fcfe607fd3307fddac8c9743d7ed0cf49cc7eb,CUSTOMER,AL,Shkodër,63.7,151.92,AL9176991751295338,132.99,2024-10-26 10:23:34.288786,2024-12-21 10:23:34.288786
169,Ronald Campbell,millerandrew@example.net,f8095a197fd69803d4c3e25fa26af9259b48723fad542dea1d86f5903663613c,CUSTOMER,AL,Elbasan,51.5,128.44,AL6727681682707610,237.55,2025-07-16 19:04:29.289786,2025-10-23 19:04:29.289786
170,William Pierce,mary03@example.org,23af150227dc0160e2f79ec20035e1e93be6302eb4066edb5eede853b0129061,CUSTOMER,AL,Elbasan,72.1,320.26,AL5048612897068654,77.44,2026-03-11 14:52:55.289786,2026-04-28 14:52:55.289786
171,Christina Thomas,ajohnson@example.com,6f558e6a086eaf760f28681c5400df0a55903f5532251d53b2f9d10c61d8f9dd,CUSTOMER,AL,Durrës,45.3,151.18,AL4746528779205342,670.36,2025-10-24 10:46:16.290785,2026-01-02 10:46:16.290785
172,David Huerta,jason38@example.org,061ae904141315fb4972a16a7d46030dfa015cd1895258857194e30d0f44523d,CUSTOMER,AL,Shkodër,75.5,72.11,AL3473032321917769,5126.0,2024-11-19 11:34:27.290785,2024-11-19 11:34:27.290785
173,Sarah Russell,slucas@example.org,e273f3316dc2eff32025c322c81528ee995a762f8663156c4285b9f8e8ab4e6c,CUSTOMER,IT,Florence,62.5,235.83,AL3669722840860766,560.82,2025-11-26 16:25:21.291784,2026-01-04 16:25:21.291784
174,Faith Chan,torrestimothy@example.net,6be54f23c0721a6959f5cdcb0062e58412791944344701cef56cbf41e6575090,CUSTOMER,AL,Tirana,63.6,319.38,AL4946117043059085,107.58,2026-01-06 22:48:44.291784,2026-05-30 22:48:44.291784
175,Tracy Harrell,turnermiguel@example.com,e45691841e873791cd8f4d3f16cf327c8a519d4a42bd7f5d60c439c9e028393a,CUSTOMER,MK,Skopje,53.9,140.47,AL3787539244757938,494.22,2025-11-16 17:28:30.292784,2025-12-21 17:28:30.292784
176,Neil Silva,sallymoore@example.net,698fa53bdf51ccb9992b04e826749b099a94bdfba9a1094ad1ce0c8c0b5f60df,CUSTOMER,RS,Niš,79.3,1482.5,AL9210977260653764,2276.12,2024-09-04 22:21:16.293784,2024-10-11 22:21:16.293784
177,Kathy Washington,ryan81@example.net,4b3257cfb4d9551004666e702dcbb51dddc578e82e65949af9b3f300cad185e1,CUSTOMER,AL,Tirana,44.3,218.1,AL8292619383740161,282.79,2026-01-07 02:15:43.293784,2026-02-26 02:15:43.293784
178,Amanda Waller,stephaniepeck@example.com,8630c18c54a80e9d91b57054014e55e91fdc7b49cd5e2826e78ad04cf6776249,CUSTOMER,FR,Marseille,80.0,62.43,AL7585007030351490,3978.14,2026-01-22 21:37:20.294783,2026-02-03 21:37:20.294783
179,Courtney Daniels,samantha68@example.org,3589a81467a37ba0bcb19454c5465da284a214eb166626717513da016b651f56,CUSTOMER,IT,Naples,89.3,37.14,AL8131430080794379,282.01,2025-12-28 12:41:48.294783,2026-07-04 12:41:48.294783
180,Jared Williams,shannon20@example.net,ab729618aa4ae49525be9ab952a84aa7143084964396a8186de62ca21ef39314,CUSTOMER,FR,Lyon,80.0,1081.16,AL9661759463018736,1172.61,2026-01-13 07:33:54.295782,2026-01-13 07:33:54.295782
181,Jeffrey Mcdaniel,katherine88@example.org,e92c5501fea0152e593336423a6b06afa04294ee7885cfb466c9ad540ea355b3,CUSTOMER,GR,Patras,54.6,286.62,AL1152216025462673,3076.29,2024-07-04 13:37:32.296782,2024-10-27 13:37:32.296782
182,Jennifer Kennedy,bmcdaniel@example.net,1328699eac5d8d537ebdde562e7a8eccb6280b7e3565c26fd6f1535517ec3edb,CUSTOMER,AL,Elbasan,83.7,477.2,AL4002021906317979,825.62,2026-02-16 05:53:39.296782,2026-06-14 05:53:39.296782
183,Hannah Mccullough,ndean@example.com,ac41ee74de8fa2b7c76a1d082d786d746dba75f7dfeb931aea93a212c89a2c32,CUSTOMER,GB,Glasgow,77.7,94.55,AL2611789641263414,60333.64,2025-04-10 16:21:33.297783,2025-05-06 16:21:33.297783
184,Samantha Bishop,ldavis@example.com,6b37d27881f788ce35164e03b5ee85fc46c5fafe21d302abcde77c8959575e07,CUSTOMER,AL,Shkodër,64.7,105.86,AL8957972118523286,3516.47,2025-04-25 07:15:03.298778,2025-10-17 07:15:03.298778
185,Michael Reed,ylynch@example.org,206c4d334ff303cead78cc1eb82db0ffe6f429bc37e09c8cd731c0f74199d1cd,CUSTOMER,RS,Belgrade,69.6,689.32,AL2510001620048302,319.66,2026-02-20 15:08:09.298778,2026-09-03 15:08:09.298778
186,Brian Willis,montgomerymichelle@example.com,2043b60ed213c9ab29555d9d440aefe64de629dad934bc095b09c89a66f00cf2,CUSTOMER,GR,Thessaloniki,83.9,212.95,AL8144513916640021,481.78,2024-11-04 17:27:10.299779,2024-11-22 17:27:10.299779
187,Robert Garcia,melinda94@example.com,6a52b36e6b5c5ff9c3d72121dea50b4b41317e2f599f64faab5738a9d8446c2d,CUSTOMER,IT,Turin,65.5,227.28,AL5424093794841019,278.14,2025-02-12 23:55:02.300779,2025-05-12 23:55:02.300779
188,Erin Floyd,smithmariah@example.org,273e59724e3527983a70cadef247589d49d2deb2911ed435363138bfc846e6f3,CUSTOMER,RS,Belgrade,84.2,51.54,AL9895576424017810,1618.59,2025-10-25 22:59:10.300779,2025-11-11 22:59:10.300779
189,Elizabeth Garza,robertsalazar@example.com,65a4f18754714df68bf0cdf09c90ff2b310b19d08e37cd6389ba7ae9595d5f00,CUSTOMER,AL,Vlorë,92.2,437.97,AL8552094260024313,661.07,2024-07-09 22:45:27.301779,2024-10-29 22:45:27.301779
190,Rodney Brady,joshua13@example.com,fbcc06d2c316b44c2fcfe27eec28ef94feb9710f317f3e8a70c3fed95c56ac96,CUSTOMER,AL,Vlorë,80.3,363.81,AL6871587338051800,46.3,2024-08-12 22:13:52.302778,2024-10-16 22:13:52.302778
191,Dr. Carla Barnes,dana34@example.com,9e0dc6e8ff2f0995764c34955c2cbc6d1906550b09456eec2b9a8d7a17d686ac,CUSTOMER,AL,Durrës,90.1,151.46,AL8513635636313408,457.38,2025-12-19 06:39:01.302778,2026-06-10 06:39:01.302778
192,Tanya Hayes,brookeperez@example.org,6af5c0d880e54f0b81869f66e627444c8a5fcaaf958d1247fce6d18d5a36466d,ANALYST,AL,Tirana,60.3,227.44,AL2184965525695995,844.49,2024-09-01 12:00:30.303779,2024-11-27 12:00:30.303779
193,Deborah Berger,cartersamantha@example.org,065e00f39054f56682e5f363a616da24fd589f4b990419ac0aed72d7b19d8740,CUSTOMER,AL,Tirana,87.8,902.3,AL0646805845490888,741.08,2024-09-04 07:06:19.303779,2024-11-16 07:06:19.303779
194,Kenneth Lin,pharris@example.com,b74d758829baa0d2b12a387350906929ec25bc58ef35ca3950eb3fdaab5d87fb,CUSTOMER,AL,Shkodër,74.4,25.47,AL2460770082843261,1431.37,2025-10-28 22:01:26.304777,2026-01-16 22:01:26.304777
195,Thomas Kelley,angela52@example.net,792fc542d9d25e7795f1a5c25a664e28b027fa8773c39d62cde7ed17b4032a11,ANALYST,AL,Vlorë,61.8,81.41,AL4270159343405532,272.47,2025-12-18 11:04:33.305775,2025-12-27 11:04:33.305775
196,Connie Ferguson,lglover@example.com,de618517c028313ee1edd21e4ee554964c6e937e3e429b4059a821297988e519,CUSTOMER,AL,Tirana,69.0,253.66,AL6856000196729190,1785.27,2026-03-25 19:30:22.305775,2026-03-29 19:30:22.305775
197,Stacey Walker,emedina@example.com,6be4d8c43d240fdce25c7b616194d5d20d7a8829cfee6c67935fd00a45ae5996,CUSTOMER,AL,Shkodër,73.4,109.65,AL4379845475443564,67.53,2026-03-04 18:29:56.306776,2026-05-28 18:29:56.306776
198,Arthur Cline,theresa52@example.org,c4b5e459e2ceb7349c2aa0adfd8490fa29a79cd454b3dfee4c56b3fe9b0bbaec,CUSTOMER,GR,Athens,89.7,658.47,AL7263772642590985,1331.57,2024-07-25 18:42:20.306776,2024-11-24 18:42:20.306776
199,Jason Sandoval,kimberly14@example.org,13263482de4eb02eefed438716154c3baccb98ad33628c26d121e49b4690bac2,CUSTOMER,US,Chicago,60.0,64.91,AL6697057448664259,3600.26,2024-06-13 03:08:45.307776,2024-07-07 03:08:45.307776
200,Fred Snyder,walterskelsey@example.com,47ad55745d44246003842e30b3d51c9b7df072598c03633a7e95fc0bad7718d4,CUSTOMER,RS,Novi Sad,66.7,162.54,AL5688153759461913,4759.46,2024-05-31 13:23:19.307776,2024-11-14 13:23:19.307776
201,Joseph Abbott,logan26@example.com,6fd23003c20a37750e24b7b359608b699a4e94e684a833348bd300cd3f565a08,CUSTOMER,AL,Durrës,26.3,233.85,AL8123387558421364,2292.0,2025-02-21 17:08:38.308777,2025-09-03 17:08:38.308777
202,Amanda Richardson,sharon11@example.com,7c8522b0ddc308abb271f63d3df4e87576049853f491a1fb586ca1ba25335017,CUSTOMER,AL,Tirana,95.9,25.15,AL7945956455765098,4732.12,2024-05-24 18:16:36.308777,2024-06-29 18:16:36.308777
203,Andrew Wells,andersonsteven@example.com,0a3581d66663d10a019efd1dc537595164d8f6debf1784d8c6a7bf74812e04d1,CUSTOMER,US,New York,78.5,698.69,AL8423531842771007,2675.88,2024-05-23 21:42:17.309776,2024-09-25 21:42:17.309776
204,Brittany Smith,aarongray@example.net,42fe94b609c694eee8174e99e6db234b2bfa92d4f83d43a9f706175877e7d444,CUSTOMER,FR,Marseille,34.5,524.8,AL8032840204958783,694.56,2025-07-15 22:13:24.310777,2026-01-21 22:13:24.310777
205,Rachael Thomas,johndonaldson@example.com,e7f0f9e72cb1ef9892523bb5a4b907f7f5fe8811d3f774a6c6c344dceb57433e,CUSTOMER,AL,Tirana,84.0,227.67,AL6122363356089656,7789.25,2025-05-07 16:44:50.310777,2025-07-16 16:44:50.310777
206,Helen Ward,kristinamorales@example.org,b70d1e3b6a2b00b87352ca930e13bc981ba7496106889eb8bd982ac12ddaf0c7,CUSTOMER,AL,Durrës,69.7,49.26,AL5782696112179557,359.96,2026-01-01 07:09:23.311775,2026-03-25 07:09:23.311775
207,Patrick Garcia,smithmelanie@example.org,86486be5afc7f263812d85f7f2905116c7708a24c5bb1a3c5ce41b1b3b045105,CUSTOMER,AL,Tirana,57.9,846.04,AL6140672323224872,183.92,2024-12-09 15:11:48.312774,2025-06-09 15:11:48.312774
208,Bradley Griffin,robertmoore@example.com,7d44f3361cebbf778639b31a229a63af037339e946ad18e93eea315e32b15341,CUSTOMER,AL,Elbasan,80.7,584.55,AL9482632243231931,23121.21,2025-09-18 15:22:02.312774,2026-01-11 15:22:02.312774
209,Andrea Leon,pgardner@example.com,beca0252956f7027b7313eb9162051c284b0d94c826a99a29af7f1e6647e8180,CUSTOMER,DE,Hamburg,66.2,312.26,AL8007019474017053,136.42,2024-07-14 11:29:53.313775,2024-11-12 11:29:53.313775
210,Nicole David,glopez@example.org,f33d68e6546db16ecd45d4cb801bf45d3245346d76e993e77421442eb9b5119a,CUSTOMER,AL,Durrës,40.0,643.76,AL2504004780245965,1848.82,2025-02-16 12:29:05.314773,2025-02-28 12:29:05.314773
211,Kenneth Cruz,jareddean@example.com,1c375a7860037f030ae8871181635ecf4364bcb963df00634fbb0fd1a9ba27dd,CUSTOMER,AL,Elbasan,50.1,362.83,AL8888374889541655,158.2,2024-06-21 16:46:51.314773,2024-07-20 16:46:51.314773
212,Gregory Bautista,bergcheryl@example.org,3882c918f359ddc8529e210362df7550867081e5a9b7d476fd6de945d7ed1107,CUSTOMER,US,Los Angeles,32.3,325.32,AL9456591792247977,3224.84,2025-06-25 03:55:17.315772,2025-09-21 03:55:17.315772
213,Taylor Nash,kenneth27@example.net,d931cf8bb36feec25d1ba365afafef4b55a1e5d0033f824c409d3e5fa5fc7671,CUSTOMER,AL,Elbasan,84.8,371.49,AL5280757417643342,2279.76,2024-08-28 08:18:47.315772,2024-08-30 08:18:47.315772
214,Daniel Jones,robertcampbell@example.com,68447c9daa2aefc02374bae0f38be476b88e9e5e3a1fbde13e078080bb04f777,CUSTOMER,AL,Elbasan,78.0,24.07,AL5232626693946684,56371.97,2024-07-12 14:55:04.316772,2024-12-17 14:55:04.316772
215,Sonya Green,michael95@example.net,7be4894dab15afdc7495a5499cced1a45f35ca1311503632f4355a0479df97bc,CUSTOMER,FR,Bordeaux,90.4,579.41,AL3569195193660263,774.19,2025-10-09 05:38:22.316772,2026-03-23 05:38:22.316772
216,Erica Harris,jennifergreen@example.org,6d8d40cabd2b3f38166f82709d11aea36039edf3204e149503145fc88bcb09ef,CUSTOMER,DE,Munich,60.4,206.35,AL2035120014676692,4302.03,2026-01-05 15:35:54.317771,2026-06-13 15:35:54.317771
217,Katelyn Calderon,jgutierrez@example.com,4facf5fca5def24aea7b75f4d0c644c18c09820fb92cb715649d07eb47fadc3e,CUSTOMER,AL,Durrës,71.6,1292.57,AL8867461550573522,101.37,2026-02-26 23:19:19.318771,2026-08-05 23:19:19.318771
218,Nicole Wall,rogerthompson@example.org,38f9c6c73a6e84df862b15214c39b42d093e29faed7288a8984a82462bef4cb7,CUSTOMER,IT,Turin,97.8,522.26,AL6907742368656060,813.83,2024-07-07 04:34:07.319767,2025-01-14 04:34:07.319767
219,Mark Leon,oconnellthomas@example.com,a32a1b5328c260d5c552ba70e5780c08190c1e2105ad11730e6defa4d256b24e,CUSTOMER,FR,Lyon,38.3,394.03,AL4622381467400480,2487.75,2024-07-05 14:33:01.319767,2024-07-06 14:33:01.319767
220,Erika Davis,barbara34@example.com,8c493675bcf9e0a7146f9bdcfbf867385f290554af5d70b2be19e6b84ab950d4,CUSTOMER,GR,Patras,96.2,82.46,AL2118159642019108,11193.5,2025-08-25 12:26:00.320767,2025-11-16 12:26:00.320767
221,Kevin Cooley,kwu@example.net,3e6bab96a97dbdeede36c226cc34ee0c38ee1c44ebfd534c5d1e162b588a7aaa,CUSTOMER,MK,Kumanovo,45.2,582.1,AL4251864575899673,1392.21,2026-02-21 14:35:52.321766,2026-08-14 14:35:52.321766
222,Matthew Rodriguez,ccosta@example.com,7073c071f32713b4c504e60cd63dfc4c8387d15f13596b56bd5201c12a6c03a1,CUSTOMER,AL,Tirana,74.7,337.33,AL8485568150488235,669.43,2026-01-19 16:01:57.321766,2026-04-08 16:01:57.321766
223,Joshua Lane,matthew01@example.com,bebb6a8d5b15604829d36124ea47e2a9be653dd8e4b89e89647dc1b0a08274c9,CUSTOMER,AL,Durrës,89.7,682.04,AL0235257801096575,961.13,2025-12-21 16:16:28.322766,2026-05-10 16:16:28.322766
224,Kristin Nelson,boltonbenjamin@example.org,3240b697186659b93bb0c3a9bd90e46bacfa28219fc3023bd4a897e14027c1af,CUSTOMER,AL,Elbasan,12.8,271.29,AL1813681283270888,1982.7,2026-03-28 21:32:39.322766,2026-05-26 21:32:39.322766
225,Todd Robinson,wattswilliam@example.net,5e4f50b0d23df0f492b4de54fd4a4d9bb7f1dd0b0cce672af14efe3854acce14,CUSTOMER,GR,Thessaloniki,52.9,576.48,AL5116929330446114,1771.06,2026-03-13 04:44:46.323765,2026-07-16 04:44:46.323765
226,Chelsea Whitaker,bowenjennifer@example.net,ba9750388c29897faf3d118f2aaeaadf2213df99217ee71eb5d71aba670b6011,CUSTOMER,AL,Shkodër,68.7,136.13,AL4963054052203204,99.71,2024-06-24 10:05:04.324765,2024-08-07 10:05:04.324765
227,Erin Bradford,zmendez@example.net,53a22ce0a63252692748c85603dedfb411db56b39d54434491fe516c3bac293d,CUSTOMER,RS,Belgrade,56.4,2098.71,AL6084731167239842,537.2,2026-04-17 22:10:56.324765,2026-08-08 22:10:56.324765
228,Amanda Adams,dmiller@example.org,85a13083b3365e0bfc3187328451b3104ac24923ef8345e9365f590fe040555c,CUSTOMER,AL,Vlorë,67.1,182.56,AL0452562849037829,224.89,2025-12-15 05:13:26.325763,2026-01-22 05:13:26.325763
229,Andrew Costa Jr.,jacobstroy@example.net,81cf1159f245b2f832db3995abd958c63d744d0f9e26df60f6a2050b2cabd8c5,CUSTOMER,MK,Kumanovo,79.3,373.0,AL1376258103638853,7799.96,2025-01-24 18:24:00.325763,2025-07-22 18:24:00.325763
230,James Ortiz,porterjessica@example.net,6bd7aa477a679f52030e1fcf20e7c182f2bf94776e81a7a7f8f3bf30abd4359f,CUSTOMER,GB,Manchester,67.4,233.2,AL3074916154468381,554.09,2025-06-17 10:37:03.326763,2025-08-14 10:37:03.326763
231,Nicholas Tate,johnparker@example.org,790edda8e39064eb3e9c3cb93659b5845da9aca70fb9ca87fb49f59cc43e0e10,CUSTOMER,AL,Tirana,74.1,93.23,AL6276898173466491,1792.05,2025-11-28 04:22:16.327763,2026-05-09 04:22:16.327763
232,Christopher Stone,srichardson@example.net,5dfb4e63d9184d2e3b70e6c41b091872e2060d7cd2edaeb2049cd4f25d59cfe3,CUSTOMER,IT,Rome,84.0,47.4,AL3458925061061417,413.89,2025-07-12 11:54:50.327763,2025-12-11 11:54:50.327763
233,Taylor Taylor,jasonatkins@example.org,ae81aba423ac09ea6233eac4de01e96f0a38ade100d63388c58d49e9d4f7d3fe,CUSTOMER,AL,Elbasan,51.2,331.57,AL5645433960970759,925.6,2025-04-29 01:39:17.328762,2025-06-30 01:39:17.328762
234,Lauren Goodwin,oowens@example.net,74573174fe465fd711b797fa214f4a6b9aaa8370deb4a97ff59255ac82f26eef,CUSTOMER,US,Miami,68.2,166.47,AL3547957584349610,2676.94,2025-09-09 23:30:26.329762,2025-12-21 23:30:26.329762
235,Charles Torres,matthewreynolds@example.net,00d68531a35d67638ce887465e6258c62f0824cb6c090c26855b030406e4cd5f,CUSTOMER,US,Chicago,92.4,297.08,AL1508771763057003,4163.54,2026-01-12 21:34:13.330761,2026-04-07 21:34:13.330761
236,Catherine Avila,christopher04@example.com,b12b4df502384087e9401ab9ac31672a93190f87cb55a4d55d179f2f154dfc1d,CUSTOMER,AL,Tirana,66.3,127.75,AL0490064226562583,952.42,2025-10-26 11:15:11.330761,2026-01-13 11:15:11.330761
237,Peter Crawford,amybarton@example.com,f22c8a05fd56e53dad6a25eb9f69cb8c8ee8dc5bf05fc78bd14b233bf314e860,ADMIN,AL,Shkodër,50.5,188.01,AL2277153659966817,1064.61,2025-12-03 20:52:28.331761,2026-05-28 20:52:28.331761
238,William Johnson,johnstonjesus@example.org,ea070c28727ef1974eabcf8a69fb11849dc8892d9e976cd77f0d621ba0489433,CUSTOMER,AL,Durrës,78.8,144.09,AL0479568929591086,17599.37,2024-12-19 12:26:40.331761,2025-01-23 12:26:40.331761
239,John Skinner,alexa16@example.com,ebfe79473e12a9cc99967b03df6620f0d0208964e99371d9a4af0ad013185807,CUSTOMER,AL,Tirana,20.8,620.73,AL5472762304215501,416.38,2025-11-12 15:12:37.332760,2026-01-18 15:12:37.332760
240,Jessica Burton,bjackson@example.com,78ae0492f6f31faa20a0ab7b8cd545bbd48e63937a89ff3f417d920457f762ce,CUSTOMER,RS,Novi Sad,66.0,375.42,AL8768195427960473,241.36,2026-03-04 07:07:35.333760,2026-08-05 07:07:35.333760
241,Susan Rios,zpeck@example.com,b514ee273298d7dd6c07c7e0f02908c6a19553fc9eb0b8e94686fb2b82c22ff7,CUSTOMER,AL,Vlorë,93.2,205.34,AL5742483091682321,473.64,2026-01-18 19:34:32.333760,2026-04-19 19:34:32.333760
242,Joseph Blanchard,ericramos@example.org,34493914ac4fa40490987785b97e97cc7e8d0ba7faab5f2594b6b627712b3461,ANALYST,TR,Bursa,92.4,865.15,AL8425896753448570,358.06,2025-04-16 14:03:18.334759,2025-09-14 14:03:18.334759
243,Sarah Smith,lroth@example.net,d1e7795575034549da2c4fe87d1e0f8213af0cbcd3b3fa22b3ce11d31aa47e99,CUSTOMER,TR,Bursa,97.2,132.55,AL9316710891999259,4938.46,2025-03-07 20:37:56.334759,2025-04-15 20:37:56.334759
244,Donald Dennis,mark14@example.net,05a408ea39ccfffba2d28f055500d164f49a792705b30cf50187870e2e714e1a,CUSTOMER,AL,Elbasan,79.5,73.41,AL5268427193370213,5902.86,2026-02-23 01:46:06.335758,2026-06-13 01:46:06.335758
245,Craig Ortiz,michael93@example.com,35f593e90ab3fd30223b7011c8e7616e7c336caa2bb5cf44148b2713cb7a7f14,CUSTOMER,GR,Athens,78.1,254.94,AL4987087358950660,389.94,2025-10-08 11:32:30.336758,2026-04-04 11:32:30.336758
246,Edward Arnold,sbrock@example.org,66420b1ab1091b7333439854a4995f3e5a8bd85e6ffbe7629dee62477cfc3314,CUSTOMER,AL,Elbasan,47.9,2540.63,AL4086020907558810,204.02,2025-04-02 10:33:38.336758,2025-04-26 10:33:38.336758
247,Barbara Anderson,robert79@example.net,44b2af04f54a75c131006da452c4dc9037faf31e8f3073190600c27c611e64d9,CUSTOMER,AL,Elbasan,66.4,69.53,AL9066504826895364,5862.68,2025-06-16 11:14:58.337757,2025-11-05 11:14:58.337757
248,Joseph Davis,dmorris@example.com,47b6f568df413269be9b778761fe3e8627c962670abd27ef2515c5a41f0f2100,CUSTOMER,AL,Vlorë,90.9,347.3,AL1740281450195214,1979.48,2025-11-04 04:04:32.338759,2026-03-28 04:04:32.338759
249,Scott Dougherty DVM,larrywilson@example.net,c9e5cc292a1353be1ab1dff881685350bf857a2d71c25a27b984fa444a61c44a,CUSTOMER,MK,Kumanovo,85.4,613.65,AL5351871552172526,103.46,2026-02-08 01:35:26.340761,2026-05-28 01:35:26.340761
250,Sandra Estrada,melissa14@example.com,ada7e2e1208fe19110381f45c129a1aca37ef721b1bfc4e9741f6fcf5a4df81b,CUSTOMER,AL,Vlorë,85.7,267.66,AL2749559433871436,30.97,2025-06-19 17:55:25.343754,2025-06-29 17:55:25.343754
251,Michael Love,owilliams@example.net,4fb0932b1fd77d16260aa285691847aa7d786bf52d62297357f86ef2579ee2c6,CUSTOMER,AL,Durrës,74.5,256.07,AL5622352351511220,5258.48,2025-10-03 17:54:14.344753,2026-03-12 17:54:14.344753
252,Gloria Wright,lucasanthony@example.com,773ccf200b70aac5f9f202dad11cc677dc463880c1f8f0c825a426f8fbfd8cde,CUSTOMER,US,Los Angeles,68.6,29.21,AL3402318695194634,473.2,2024-07-30 17:55:26.345753,2024-11-04 17:55:26.345753
253,Dennis Castillo,henry64@example.org,cdeb32b3b77d8376a837ab1c54e5e45b660fee4e91d5a1a884cbd71a76d352ae,CUSTOMER,AL,Durrës,34.7,83.72,AL6530787464332961,1823.46,2025-11-09 04:27:46.346766,2026-03-07 04:27:46.346766
254,Maria Zavala,stephenmorris@example.net,b8f82bf3e292ae2d2907db1c6bb906430414f28c4f992a254ca37830c4dd51e2,CUSTOMER,IT,Florence,83.1,17.75,AL4163582684944868,150.42,2025-12-28 05:50:00.347755,2026-06-04 05:50:00.347755
255,James Moore,ericobrien@example.org,e17e30580b58b140b79bf36391940967e6c6f623f7a19bcc5ffeadcddce3bc5d,CUSTOMER,TR,Izmir,67.5,356.04,AL2971020394042807,1210.73,2024-05-24 15:27:32.347755,2024-10-05 15:27:32.347755
256,Stephen Stevens,bblackwell@example.net,b54bedf65e75fdb24e49173870da8bb99ea11cede7d2ed74ce623a2cd1671a0a,CUSTOMER,DE,Berlin,83.1,53.52,AL3757588915123648,856.4,2025-06-08 14:23:49.348754,2025-08-06 14:23:49.348754
257,Kenneth Baxter,savagealicia@example.org,16cc520302d5d882110b87bd6540551d261eb3c493cc4caa326a5325ec23882f,CUSTOMER,AL,Vlorë,56.7,1078.36,AL9682956763668455,91.56,2026-04-01 18:54:36.349753,2026-04-05 18:54:36.349753
258,Emily Luna,roberttyler@example.com,6d8c24f56bdd15cba00e5ef84e243ed7d4211ce0c90602fdc558aec69aafc61b,CUSTOMER,TR,Istanbul,89.6,303.93,AL3527922174220462,8960.21,2025-01-11 18:18:51.350751,2025-01-11 18:18:51.350751
259,Jordan Smith DDS,wrojas@example.org,c2edb9d60b508eb34e24ee9cb7d2d46ded4d5c6993b2571c5d78fdae614318c5,CUSTOMER,AL,Elbasan,64.9,97.28,AL0288015697206595,2459.58,2025-01-24 23:25:58.351750,2025-02-10 23:25:58.351750
260,Nicole Floyd,hthomas@example.net,79790e173777693cd8543fcd923ed1fda6e6ed119e913ecb19ac93945ab24383,CUSTOMER,AL,Vlorë,78.1,4500.76,AL0666798796657054,1547.01,2024-08-17 16:10:20.352749,2025-02-15 16:10:20.352749
261,Blake Howell,bassangel@example.org,09eb03e95f1e9023c3259de5847040a779c7bf967eaafbae97cf8deb7a1bbac4,CUSTOMER,MK,Kumanovo,80.4,113.38,AL2193034639693636,117.67,2026-01-20 09:55:36.353749,2026-07-26 09:55:36.353749
262,Matthew Baker,randymiranda@example.net,c86f6b0e5c4cca77f91ff626fdea4d2a5e1dea3ffdabb8e310673320991b6a4b,CUSTOMER,AL,Elbasan,53.9,636.72,AL3525145546522697,710.98,2024-08-31 02:29:54.354748,2025-01-05 02:29:54.354748
263,Omar Keller,tyler48@example.org,1528c47ba8661a1a559e11547ce8e4ee57c69ddd253fd6d16d695f2a730fb9ab,CUSTOMER,AL,Durrës,75.3,68.89,AL7690830611925210,1899.8,2025-02-10 14:53:15.355747,2025-05-07 14:53:15.355747
264,Brandon Stevens,twilliams@example.org,44d97c0c399a3a91b76251c1b02b19ebb50a64a5f4a72af36f8badbd0b86653b,CUSTOMER,AL,Vlorë,75.6,64.85,AL8416164784811954,390.46,2026-03-26 20:15:18.356747,2026-04-26 20:15:18.356747
265,Roy Gould,jerry83@example.org,0d05fdc6454a9ef06fed26e54eda938df6b20640054900ea80d92496e1cb4d15,CUSTOMER,MK,Bitola,79.6,2074.02,AL6261439082066101,1434.16,2024-07-05 04:10:28.357746,2024-11-22 04:10:28.357746
266,Tracy Rodriguez,hannah07@example.net,523fd94269ef140b188e72a5071176488d2a7a8d9d0ba30095061f7aa3c88cdf,CUSTOMER,TR,Izmir,92.5,83.27,AL8770472477843364,7571.14,2026-02-27 19:53:40.358746,2026-05-18 19:53:40.358746
267,Diana Barton,nross@example.net,04d504927690bdb9b3353257fb4c73b10121363fe5547bdb60359404081cf25d,CUSTOMER,AL,Tirana,95.2,428.86,AL8054410347422649,1799.85,2025-10-24 07:38:53.359746,2025-11-05 07:38:53.359746
268,Eric Lawrence,jamie14@example.net,8d81ea07f128258fc8b6c23ef6c9fa670fef13a337c0906524251b4f882261ba,CUSTOMER,AL,Elbasan,65.6,596.53,AL6707378220674134,13204.93,2025-12-08 11:02:48.359746,2026-06-09 11:02:48.359746
269,Brandon Odonnell,lfarmer@example.com,6354905022d3a635e67b46d8b6ed1f385ddad6c4abfe269224f4cc4d03a8d9fa,CUSTOMER,AL,Shkodër,95.7,73.46,AL0247325020545638,285.81,2025-09-30 11:41:39.360744,2026-04-02 11:41:39.360744
270,Michelle Campbell,michaelsmith@example.com,817a51d2f21d808080bf48c3450b6039ec50f6f51425a9c1eb5e84cdec8f29d6,CUSTOMER,AL,Durrës,45.3,58.02,AL5854985146256057,2080.29,2025-12-06 10:39:33.361743,2026-01-17 10:39:33.361743
271,Marvin Ramos,thall@example.com,42665ad26b9823aa8709511cc7205940c03a8e8f70eae6954a987574c7c3e5fd,CUSTOMER,IT,Naples,71.8,291.37,AL7276536999253998,336.8,2025-05-15 20:42:11.361743,2025-10-04 20:42:11.361743
272,Matthew Stafford,serranovictor@example.com,1ffb2108e85839b90d992c4e02d621cc79688efc8978f381bb4e342c56a37557,CUSTOMER,AL,Durrës,74.5,143.26,AL1914468575412403,160.02,2024-11-14 09:32:45.362743,2025-02-14 09:32:45.362743
273,Todd Thompson,zamorajeffrey@example.org,2d1d180429edce50df5e66b61b4d8e23245944f99b329e0cb2b38853680f711f,CUSTOMER,FR,Nice,62.8,193.64,AL3964002275959537,1640.14,2025-11-30 00:11:04.363743,2026-03-04 00:11:04.363743
274,Rhonda Carr,bcampbell@example.net,cec592c06d2e89b69b7664f3688a67e2583dff433bf8256053973bdf842d620d,CUSTOMER,FR,Paris,61.4,406.11,AL5020667136880408,281.54,2025-01-12 16:22:51.365746,2025-02-05 16:22:51.365746
275,Melissa Reed,sotomaria@example.com,965e03d6327dad4e9fa05be0aa0ffe9d2b2cac995ebf88be705917367d01018a,CUSTOMER,TR,Istanbul,80.2,159.5,AL4177023708318019,3714.08,2025-03-05 02:25:56.366739,2025-07-20 02:25:56.366739
276,Joshua Mccarthy DDS,davisdavid@example.org,35a12d8fade94ca57cf14486bcdf93f40c91ae8cb0bc657105c3199a4292a4f4,CUSTOMER,AL,Elbasan,75.6,213.93,AL1523224963452562,1411.36,2025-02-05 22:48:23.367740,2025-06-01 22:48:23.367740
277,Michael Hill,darrylhoward@example.net,4cd8fa6f5e82ecad02c61c309a45a5936cba5b9431d92d49940a71f80fd7cb6f,CUSTOMER,DE,Hamburg,29.1,74.86,AL3378188116836932,658.02,2024-07-13 22:19:42.367740,2024-10-15 22:19:42.367740
278,Ashley Cook,josephrichard@example.org,e718040c7453135bf7d6555c98ecad4951e1581fbec1db8a62445466b3f95de2,CUSTOMER,AL,Shkodër,66.0,577.1,AL4628188179538512,82.4,2025-06-17 15:22:37.368739,2025-10-31 15:22:37.368739
279,Kelly Franklin,gabrielle23@example.org,bc3135152c1106b3ccf17fbe4649a84cd5a6a3501cd617f5bdb299d57c396dae,CUSTOMER,AL,Shkodër,85.3,589.73,AL5914936172586413,149.52,2025-08-04 19:01:51.369739,2025-12-13 19:01:51.369739
280,Diana Thomas,jonathan03@example.com,8dc08551be9789a92401e3131a5c3f3d407e05466645ac67a4742c5ec2dde2b5,CUSTOMER,FR,Nice,78.8,123.7,AL1738796513830256,455.45,2025-05-18 15:25:50.369739,2025-11-30 15:25:50.369739
281,Gary Reilly,johnny73@example.com,6c15e720cb369b2ec8dce2a27288c3b442b263fde9d04aace1917dfca7cf29c6,CUSTOMER,US,Houston,48.8,112.11,AL8962924852036721,1452.73,2025-10-05 22:45:31.370738,2025-10-17 22:45:31.370738
282,Christina Navarro,stephanie47@example.net,7e5319816a766f697c3d37bc55eecaf0719528886f2147a6faa060ebfc797364,CUSTOMER,AL,Vlorë,59.4,62.37,AL6801368954404527,495.93,2025-05-17 15:56:28.371738,2025-10-26 15:56:28.371738
283,David Murphy,tsimmons@example.com,88f7edaf910ec581af8c734110f45ab6323c67ca98d3b75603de2da4d242daae,CUSTOMER,MK,Bitola,71.6,36.05,AL2921403827436532,563.14,2025-02-25 07:20:42.371738,2025-09-04 07:20:42.371738
284,Nathaniel Williamson,houstonemily@example.net,ab9f4381733ae6f1398a46701b6844c668bb5aa647136efea7146932f3f9b337,CUSTOMER,AL,Shkodër,56.7,458.33,AL4676687842265029,314.07,2025-05-28 07:27:26.372737,2025-10-20 07:27:26.372737
285,Vincent Alvarez,underwoodthomas@example.org,ecc53744b98045644c131001028f87fd4f13934121504d4379e3775763605891,CUSTOMER,AL,Elbasan,74.5,219.57,AL4636367443755010,342.71,2025-08-05 12:00:22.372737,2025-08-18 12:00:22.372737
286,Leslie Gill,hayala@example.com,8333e50454581b3aa803444dbd97e6c74e8271e4a146f6d9904b1559f0a2bc05,CUSTOMER,AL,Tirana,96.5,66.29,AL2211353421952889,10337.78,2026-03-21 14:50:19.373737,2026-04-21 14:50:19.373737
287,Melissa Taylor,meghan31@example.com,3c19a0d830766e7f2b9e574e1153936a21986eb458d60a3f1edfdeb0c6a44e08,CUSTOMER,AL,Vlorë,54.6,555.77,AL9650517193412925,18658.73,2026-03-14 17:11:05.373737,2026-03-22 17:11:05.373737
288,Tracy Vasquez,nicholas55@example.net,6d1405380e064eba60ef51370e38e31085f50ba2a8c899f39157ea95d2719338,ANALYST,AL,Shkodër,89.3,237.38,AL2344113978145443,527.34,2025-08-15 20:57:41.374736,2025-08-25 20:57:41.374736
289,Shirley Davis,vlin@example.org,7f6c1491a256abb816a1515611b77f42622baf91229447f6fb295380906f8e69,CUSTOMER,AL,Shkodër,75.1,284.58,AL4319050696689825,2643.54,2026-04-10 20:24:05.375735,2026-08-23 20:24:05.375735
290,Geoffrey Brown,lkhan@example.net,e66d54644eb94ceb91bd2e1169ed6c4a179259fe59f7fb394263e897c07c558d,CUSTOMER,DE,Munich,49.7,2393.83,AL1467739010916879,1181.58,2026-04-07 03:43:07.375735,2026-04-17 03:43:07.375735
291,Jennifer Mahoney,arnoldclifford@example.net,a5bd7dbeb1fbb4df73cfad7d741693f167fa9ff00d63fbc02aec3f06c3c6083f,CUSTOMER,IT,Naples,63.9,179.55,AL7959129162343895,1858.19,2025-01-26 20:39:40.376734,2025-03-13 20:39:40.376734
292,Pamela Gallagher,eileen12@example.net,de85244352606e117cff8196ffa22167eec1a979d21cf04c2acd9809659f1a1f,CUSTOMER,AL,Durrës,74.9,132.62,AL8087458720610946,7172.9,2026-03-26 04:41:04.376734,2026-05-08 04:41:04.376734
293,William Santos,christopherwaller@example.org,e533bc7c346184f6428c2bac4f959d9d1247d8f4047f271f7593d5d0ddd793d6,CUSTOMER,AL,Elbasan,71.6,826.07,AL8466375327218367,1091.71,2025-05-18 01:10:20.377734,2025-10-06 01:10:20.377734
294,Justin Gray,gregoryhayes@example.org,ebd9c3738715053b4adfc6d8778cfd22383e53f3762deda13d089298c303c5e2,CUSTOMER,AL,Vlorë,81.4,292.33,AL6535026301830754,45.67,2024-09-14 01:37:52.378733,2025-03-11 01:37:52.378733
295,Bradley Fowler,matthew84@example.net,9bfb490e591ab8c6b6bbc3b5acca573d7c63870530c0127a17946af025a35f3c,CUSTOMER,DE,Hamburg,83.0,108.59,AL7725926181243160,787.43,2025-01-08 01:19:40.379733,2025-03-15 01:19:40.379733
296,Mark Hart,ukennedy@example.net,958ab0786cc770347fac7b27e2432f64ac2c91d6ab714af96b304cca6229c9b4,CUSTOMER,AL,Vlorë,35.5,75.87,AL4236032014135804,12201.31,2024-07-11 04:42:08.379733,2024-07-31 04:42:08.379733
297,Robert Branch,nguyentaylor@example.org,8de2803e072423e1d6a3017a2f6c13d4bc29f9385119c1424238d3bcf2d03bff,CUSTOMER,AL,Elbasan,60.5,207.96,AL3477567131746521,379.29,2026-04-10 02:44:04.380732,2026-05-01 02:44:04.380732
298,April Todd,pestes@example.org,f48799b6b796d134e2db13af2aabfe95ca132cb738739dfbbe8a2440193130bb,CUSTOMER,AL,Tirana,78.5,44.38,AL4603208475896348,2039.01,2025-09-20 22:55:13.380732,2025-12-14 22:55:13.380732
299,Chelsea Olsen,dawn29@example.org,15968bd842e90b120fa4264c9010db5ac254637f67e13f85308c3f4a2a77d410,CUSTOMER,IT,Milan,99.5,121.8,AL1914496858884397,8361.98,2024-11-27 00:55:07.381732,2025-05-31 00:55:07.381732
300,Jonathan Smith,elizabeth67@example.org,e2f4e0d80428d74f2d8361933a87435e0ea4bef3eb155c705190a09ab3679775,CUSTOMER,AL,Shkodër,97.4,112.54,AL1176583567364583,955.21,2024-12-05 08:04:17.382731,2025-04-17 08:04:17.382731
301,Michael Johnson,jacobsonmichael@example.net,c3b115f05679b8058d60e5fbb7a20ca839d39853281d74882c3654ceeaa9b740,CUSTOMER,DE,Frankfurt,63.4,77.65,AL5310360952919234,1094.05,2026-03-02 16:25:23.382731,2026-04-28 16:25:23.382731
302,Lisa Anderson,jgonzalez@example.com,2f62db16c7ab37dff1abcf3184ea0a74ce2cc01b20a8e6786c9b498053c10046,CUSTOMER,AL,Shkodër,70.0,278.05,AL6883031519629741,770.91,2025-01-31 08:53:22.383731,2025-04-09 08:53:22.383731
303,Rachel Williams,wilsonalejandro@example.net,54639a58e16b7f47730e9a045c9baca4b5fdc4842f3f3684f87d22ea03ac0ce2,CUSTOMER,GB,Leeds,63.7,73.65,AL2283606875823067,8356.15,2024-12-04 21:54:29.383731,2024-12-29 21:54:29.383731
304,Mrs. Rebecca Carpenter MD,nmathis@example.org,4aca0dc61d5b94537d9623b462f48bcb67f98c9e2664be4e1b753fae6d856251,CUSTOMER,AL,Shkodër,68.6,389.39,AL5346328460081794,3917.86,2025-01-11 18:57:41.384730,2025-07-06 18:57:41.384730
305,John Stewart,danaowens@example.net,3739a7ce5b2ed616bf77757ac815fc122695b71a988620fcf4e10b67d1a9f1ce,CUSTOMER,AL,Tirana,78.3,630.39,AL0656227712582286,2277.29,2024-09-23 20:51:20.385729,2025-04-01 20:51:20.385729
306,Austin Haney,xlawrence@example.com,0e1ec6ec9bfa59ba92b3ff78ce25c694b86e8668f22b1303777a0caa2ef8bf52,CUSTOMER,AL,Vlorë,71.1,326.03,AL3890414643323360,406.78,2025-12-11 20:28:27.386729,2025-12-19 20:28:27.386729
307,Rebecca Ramirez,joneskathryn@example.com,3612429764edfc8e9db5a384d17e483273d607ddade0e029041088ef95b39359,CUSTOMER,AL,Tirana,39.3,283.72,AL5882176351772430,285.39,2026-01-01 08:10:34.386729,2026-04-02 08:10:34.386729
308,Michael Young,ronaldwheeler@example.com,f1f2dba135f8171a7f13b7c13f0922c51cc9321db7f8da02d9dcd3f44b4e8929,CUSTOMER,AL,Elbasan,84.2,276.69,AL9286916030486343,3195.84,2026-01-09 16:30:17.387729,2026-06-04 16:30:17.387729
309,Jacob Hughes,kevin38@example.com,267a85922ecad97f010f251376fac21c69ca1ed0046c53f98a4614268c9905df,CUSTOMER,US,Miami,78.1,70.78,AL2942284375640005,22785.6,2026-01-01 04:53:16.388728,2026-06-28 04:53:16.388728
310,Karen Santos,johndecker@example.com,4b8090680eacacebc6ce5690a44ec88d38106a3976e87e12f875ebf0be688ac1,CUSTOMER,GR,Thessaloniki,72.7,478.45,AL1017720381741956,972.05,2025-12-21 22:16:57.389728,2026-01-09 22:16:57.389728
311,Dr. Matthew Jones MD,victorolsen@example.com,f711341a06d390365dad0b226b1f3b9952e7c68d50d7be7ff186e560c95d161d,CUSTOMER,AL,Vlorë,83.9,58.92,AL6970003393082978,516.75,2026-02-14 09:11:53.390731,2026-06-19 09:11:53.390731
312,Charlotte Schneider,marcus06@example.com,d875118e97b10f3d2c1b12299be63127588084d195a6c702d9ee257a8c378627,CUSTOMER,GB,Glasgow,83.5,165.88,AL9332052816561463,8797.5,2025-07-08 15:24:05.390731,2025-12-29 15:24:05.390731
313,Vincent Boyer DVM,marissa53@example.com,8343818ba30cd996b58c078b910eabfd6bb9f00106fc458b3ecba9c584fd39c1,CUSTOMER,AL,Vlorë,88.3,181.1,AL3129614141656422,420.44,2026-02-20 21:28:19.391730,2026-05-21 21:28:19.391730
314,Shannon Brown,courtneythomas@example.org,dff16aca5b8cc43b1e29876c68b18e5e23b98051a22900eefe194a2bcafee364,CUSTOMER,AL,Vlorë,69.1,515.38,AL8858348374226437,215.32,2025-01-06 15:35:44.392729,2025-01-06 15:35:44.392729
315,Kenneth Rodriguez,zacharycruz@example.org,e90da8187bc4d892723b735dcb115fbea85d38f1bfea94c58ce16c8e1c79ea1f,CUSTOMER,AL,Shkodër,71.7,621.83,AL1482903361262883,428.4,2024-12-12 13:04:21.392729,2025-02-18 13:04:21.392729
316,Julia Burns,burkerichard@example.com,ed3ee0a2f30adad75b8d55c9137e9cf0ae1a56119706b98e5ab916bb155ae8f0,CUSTOMER,AL,Shkodër,84.6,818.66,AL6817158018065388,1012.89,2025-01-08 20:38:20.393728,2025-03-14 20:38:20.393728
317,John Fernandez,beckercurtis@example.net,fbe0a2c91e4d6a21e160bab964c1b444cef6091eb40b64177237314c347da6f9,CUSTOMER,RS,Belgrade,33.4,104.66,AL7749250254964467,2533.04,2025-03-02 23:16:07.394808,2025-06-24 23:16:07.394808
318,Paul White,bfields@example.net,bf2ea0dbe9f12016cb2eb64f1d83582f2f44a7c38047a96ff984240331208435,CUSTOMER,DE,Hamburg,49.3,206.83,AL0284955450045542,4146.56,2026-04-16 12:14:33.394808,2026-09-04 12:14:33.394808
319,Elizabeth Ortega,davidsimpson@example.com,c5a8616f3fd65795120bdfe3e9693a646268d8e443050e1887917b8a8fbe9669,CUSTOMER,FR,Bordeaux,45.9,547.16,AL9064235616908637,1860.55,2026-02-23 08:49:34.395811,2026-03-11 08:49:34.395811
320,Kayla Whitaker,summersteresa@example.com,8b8ef0ebf8d0e6314eea8357da5e6c96108c454914b08862db84070f57128733,CUSTOMER,AL,Vlorë,96.1,582.84,AL2174015131767032,7758.99,2026-03-12 19:58:11.396808,2026-07-14 19:58:11.396808
321,Benjamin Hudson,carrie91@example.com,abb6cf420d36ca17122afcf85578acd8c0372fb2e6e8be410ec27c5b78d0d7a0,CUSTOMER,DE,Hamburg,68.5,116.29,AL3292797711777450,779.37,2024-11-25 15:20:29.398826,2024-12-20 15:20:29.398826
322,Theodore Mcdonald,vanessacarpenter@example.net,b134ecb6884d88d51c304f08f296492cc61b1d06c586e6f0a963f61c2da5881d,CUSTOMER,AL,Vlorë,67.8,508.85,AL8636525695195273,14349.52,2026-01-22 01:58:57.399895,2026-04-06 01:58:57.399895
323,Sarah Campbell,pbarajas@example.org,682bb490eeee4ff082291e2a3f3e756a552a29c43e3c8c11a90f3f62e95ffee5,CUSTOMER,AL,Tirana,65.7,366.86,AL1825012558170211,2145.51,2025-01-28 10:23:49.401913,2025-06-10 10:23:49.401913
324,Bradley Stewart,noahnelson@example.com,ec288ac2fe0241afe415aedd6e4fdb4fbdcf752170e44f38e147c71051a40cef,CUSTOMER,AL,Elbasan,84.4,450.76,AL9487066578539966,1961.07,2024-09-02 06:04:18.402909,2024-09-22 06:04:18.402909
325,Brittany Mcclain,danieljones@example.com,71f89537afb482b6f94396d5823603bac75891064ff7fee4b9ef92947ebd4cd9,CUSTOMER,US,New York,59.3,1484.06,AL9878769349321258,374.53,2025-09-19 04:13:40.403908,2026-02-19 04:13:40.403908
326,Joseph Alvarez,jennifermarsh@example.com,a2a2299c49f0bc693ab3d357b7f371348499a38d83fd4b150f3078aeb746020e,CUSTOMER,AL,Tirana,78.8,1858.99,AL6873836500199490,610.23,2024-08-04 03:28:18.404972,2025-02-13 03:28:18.404972
327,Charles Baker,beckyhughes@example.org,dc3cb249e9202e7ddb62f4c6538fef1553b4687d0db0b30ca30c87c74004ccbf,CUSTOMER,AL,Vlorë,38.5,216.32,AL0060293739846493,54.93,2024-11-14 17:02:17.405975,2025-03-22 17:02:17.405975
328,Shawn Lynch,daniel02@example.net,6aea6f440b0439b626a07e9b1dda29933070292570b5397ca6c2efcabc20f03c,CUSTOMER,GB,Leeds,66.8,754.16,AL7653780398914185,100.54,2025-08-20 00:33:54.406975,2025-10-07 00:33:54.406975
329,Joseph Taylor,wrightoscar@example.net,0fc792659bf9748becc730822ada101e95ae1fa6a431c02d661478e4af12010a,CUSTOMER,TR,Istanbul,46.2,392.33,AL8716656956538476,950.28,2025-08-28 22:21:46.406975,2026-01-22 22:21:46.406975
330,Gary Santiago,kaitlin94@example.com,065fcf98a7b4e999ebadee23090661efb210eaf14a271d93c75ca9084d94d580,CUSTOMER,AL,Shkodër,72.7,112.61,AL0665745672342333,295.11,2025-03-24 01:37:38.407974,2025-06-14 01:37:38.407974
331,Rodney Perry,rsmith@example.net,503bfc19bebcb6e6db07e38d211e5f8837499eb9c508455c8156726d0a01c8e0,CUSTOMER,TR,Ankara,77.4,30.55,AL5736828336652098,722.06,2024-11-29 04:43:01.407974,2025-05-24 04:43:01.407974
332,Johnny Burton,laurenreynolds@example.org,6bcd31e7555afb1500233f2d070576457d266093081d4ae94c11ee0151abbad0,CUSTOMER,AL,Shkodër,45.8,250.73,AL9827197698810924,5190.38,2025-05-26 18:17:51.408973,2025-06-03 18:17:51.408973
333,Christopher Hill,knightrobert@example.net,026b20684622a6c269c3caaf1ae28f2884a8f07c85db72f09a130e26857a6ac4,CUSTOMER,DE,Frankfurt,39.6,293.76,AL9653384711216652,67.51,2025-10-03 23:31:40.409972,2026-01-05 23:31:40.409972
334,Ian Moore,holly30@example.com,82c4acf3f0e97bfbba3ac55fafd59be927728eeb0e0db38d4614ca31053e472b,CUSTOMER,AL,Durrës,67.8,28.84,AL2477934303241789,6141.0,2026-01-04 15:17:01.411053,2026-01-20 15:17:01.411053
335,Brenda Warren,denise57@example.org,2b62de33dd2fc63dccc42544f6064a5ba3dc137a7be272eb6d430159bc612f3c,CUSTOMER,DE,Cologne,59.1,325.8,AL9028507177842856,6671.99,2026-01-13 13:39:42.412055,2026-05-09 13:39:42.412055
336,Alexandra Ellison,mclaughlinphilip@example.org,39bc27aac755ee5e01b929a9e26bced93b162b24be7321d0c7ad23a051ebd960,CUSTOMER,AL,Shkodër,87.3,927.48,AL7877822547017833,367.98,2025-09-30 13:12:46.412055,2026-01-20 13:12:46.412055
337,Rhonda Anderson,wendylyons@example.org,123c24dd89caee4cbbeab0b386c11a068d057a96b417f9c807d792485e332974,CUSTOMER,US,Los Angeles,56.9,945.71,AL0225025366982665,687.9,2024-09-02 05:55:22.413054,2024-11-16 05:55:22.413054
338,Susan Powell,lanesydney@example.org,f5a2181bebb01e35378deed588a8c4cc855cf53a0577f7f993e614f1fbd95ff0,CUSTOMER,AL,Durrës,39.3,204.4,AL4548054268500463,1365.61,2024-09-28 20:01:14.414051,2024-11-28 20:01:14.414051
339,Kimberly Wu,youngleslie@example.org,413d0d8312f10658dd677e6d83975b525a31405494d6d379bb829102438b6373,CUSTOMER,AL,Durrës,43.7,25.32,AL6723307549196267,129.02,2026-01-16 22:22:42.414051,2026-07-02 22:22:42.414051
340,Alexander Young,susan13@example.org,69c2cb86cf3fd8d415c55886b314786f730de683614eaf09dfb62bfd93d97846,CUSTOMER,IT,Naples,67.3,241.4,AL0435994614669499,1062.08,2025-12-31 22:11:06.415056,2026-04-24 22:11:06.415056
341,Sheila Werner,kim94@example.org,eaba0e05518fd683f03f2cf0ba7030970b16d90e6e0e64c1d1a779ebc801eb4a,CUSTOMER,DE,Hamburg,92.2,1185.93,AL5014669837083797,1431.22,2025-03-02 09:46:49.416051,2025-04-05 09:46:49.416051
342,Jeffery Moore,spearsmatthew@example.org,6695f58c29dac7cd17b9fdd8789ba98890067ffc8dbbbb7a4594b908806531b3,ANALYST,AL,Vlorë,48.3,927.67,AL8716818187171592,3801.18,2025-02-08 20:14:38.416051,2025-03-14 20:14:38.416051
343,Shawn Parsons,jacob28@example.com,41fe9d1d32396670763dab16c3809fdefcbad18d955e979adb519611ca07bf1d,CUSTOMER,AL,Durrës,84.6,2691.75,AL4470778975438350,765.42,2024-11-21 05:41:01.417131,2025-02-16 05:41:01.417131
344,Kelly Smith,caroljones@example.org,252c8b3d50e7b80648f6d03486d375b1362abe3f35aacbc8a465378c0a43e7f6,CUSTOMER,AL,Shkodër,81.0,578.22,AL5281876842194839,180.09,2025-05-06 14:55:54.417131,2025-10-27 14:55:54.417131
345,Randall Hawkins,williamscharles@example.net,be56cc8762d5ed8047b7c71681bbc09a66807f54c7191da40e75ae632ac1bd5a,CUSTOMER,AL,Tirana,63.5,77.59,AL1576638018011015,69.44,2026-04-03 15:23:55.418132,2026-10-08 15:23:55.418132
346,James James,fullercolton@example.com,36071be1f23a5301671a792d15a45f212343856fa167a47873d8b9664306c6b9,CUSTOMER,US,New York,72.3,8.72,AL6161973400506315,3536.21,2026-02-15 01:57:49.419131,2026-06-05 01:57:49.419131
347,Bonnie Fernandez,nathaniellin@example.org,9a1ce3f6dc181a15de6247d21b8476ec7c0c430df91ad1ac8539b522b90ee9fe,CUSTOMER,TR,Ankara,45.0,1085.68,AL6053422954074361,7761.17,2026-03-23 21:24:58.420131,2026-06-23 21:24:58.420131
348,Jessica Riley,mooredeborah@example.org,44a7a43c4e9c8bb0dfad72f250fd20e1655dcf73fa2af0271a6dc2799bb515c7,CUSTOMER,AL,Elbasan,80.3,124.29,AL0950112363722238,4373.73,2026-04-22 19:45:30.420131,2026-06-10 19:45:30.420131
349,Steven Alvarado MD,christopherherrera@example.com,a9195950b3a9273b49dd9ed75cbc2c39ba062da2ef4d2e20c00f6b8702a5174f,CUSTOMER,AL,Shkodër,59.3,167.88,AL6637737987782713,826.57,2025-06-02 00:16:57.421131,2025-11-17 00:16:57.421131
350,Mrs. Erin Young MD,andrewsmith@example.net,c6f0d3998b3d24202a2fef7677c91e3e319a6c6cead3d7e7b67ee3c09be7cf37,CUSTOMER,AL,Elbasan,89.3,569.92,AL3152886667493066,2316.83,2025-07-01 08:28:33.422130,2026-01-13 08:28:33.422130
351,Michael Davis,kristinanelson@example.net,bedb0a28add0c4f40503b88509feae683018dda0c919c2edeb4b8bc554501074,CUSTOMER,AL,Durrës,75.8,113.01,AL0095386661070712,145.97,2024-06-11 14:48:39.422130,2024-11-14 14:48:39.422130
352,Edward Stanley,melissanewman@example.net,ea215a940554bdd54aebfe1ecc209bac5c87f6144c819222c7ce2e3bbff44fb6,CUSTOMER,US,Houston,69.6,227.76,AL1949905443541218,772.15,2025-02-19 10:49:08.423205,2025-07-04 10:49:08.423205
353,Ms. Lisa Green,deleonelizabeth@example.net,aecb5fd40b86a732c75b9c14eabfa99fcc8f538ce93429203490c4aed7582db1,CUSTOMER,AL,Tirana,55.8,130.99,AL3631544492250155,22.44,2025-10-11 20:47:10.424211,2026-03-30 20:47:10.424211
354,Crystal Hogan,patricia60@example.net,0377ccc364bf12c53251923309e34e2af20aee567320fce7c5aa6d6d6921b7a3,CUSTOMER,AL,Shkodër,78.1,2870.31,AL4860845960140171,5041.87,2025-05-18 05:39:01.424211,2025-06-20 05:39:01.424211
355,Thomas Walker,darrylhayes@example.org,58a85f9abb133fac2c1210ffe082f6103772e3241e82d9652500fd45accd006c,CUSTOMER,GR,Thessaloniki,84.8,89.0,AL2959968194720841,1364.86,2025-06-02 10:47:16.425205,2025-08-31 10:47:16.425205
356,Kylie Brown,wolfdana@example.org,0ce4e5d829613078cbbc4e150520cbed42cf47e910a62ea86cf762f0f9a3beea,CUSTOMER,AL,Tirana,67.9,1397.59,AL2658000376266174,799.32,2024-12-16 00:21:18.426205,2024-12-27 00:21:18.426205
357,Tina Davis,dburns@example.com,76db3903e3408b5113cff7a2dc5a93f4fcc19c313d6e54ce90fea688af9dbb8d,CUSTOMER,AL,Elbasan,71.0,300.08,AL3857998999611738,506.79,2025-11-26 13:19:28.426205,2026-04-27 13:19:28.426205
358,Rachel Mitchell,tracymays@example.net,20d03564026399549844e21b08761d76d8733cbdb8a338e1d838758c88190d1d,CUSTOMER,RS,Belgrade,85.9,1146.55,AL3078138098116050,12349.48,2025-10-09 21:53:55.427204,2026-01-23 21:53:55.427204
359,Jason Davis,kristy34@example.org,f03910bf7c7e284b1049343239d272ae9209b14a74a9425542419a3bd9354fb0,CUSTOMER,AL,Vlorë,13.6,546.64,AL8875240244092544,215.41,2025-02-21 01:26:21.428203,2025-08-13 01:26:21.428203
360,Mr. James Cole DDS,imckenzie@example.com,5fce166080a91853987333a987a6d8e6107461d338730fe6ec925a867d92e3e6,CUSTOMER,AL,Durrës,90.5,23.82,AL4428699475476976,890.37,2025-07-31 18:46:19.428203,2026-01-30 18:46:19.428203
361,Joseph Barnes,bowenandrew@example.org,7f52e2f8cf18661130b497d7bf25628650667a3b3554dfcde157ddbf1695105b,CUSTOMER,AL,Shkodër,42.2,475.8,AL4198936422351748,429.12,2026-01-17 18:23:13.429291,2026-03-20 18:23:13.429291
362,Douglas Santos,reeddavid@example.org,ec2f34bdf206bffe83a6baa33b1ef0618bdd18119396d9c8b66ad65cf9b3b202,CUSTOMER,FR,Marseille,79.7,314.32,AL7183647611852119,405.74,2024-06-10 18:47:12.430292,2024-12-22 18:47:12.430292
363,Colleen Hudson,zacharyhart@example.com,7da8ae0ae5a657885834683e1cfa8154832b56d0699031a0babfebe715871108,CUSTOMER,AL,Shkodër,56.4,247.73,AL0558813210051117,7208.91,2025-06-05 00:57:23.431290,2025-06-27 00:57:23.431290
364,Jessica Torres,brad59@example.org,e73eaf7bd7b2a0e8e1f3aafc66f1bb59d6ab310d35e96f013c2df171c0263284,CUSTOMER,IT,Florence,65.2,2157.02,AL1043218661365664,414.62,2025-11-27 23:40:14.431290,2026-05-02 23:40:14.431290
365,David Rivera,samuelwest@example.net,f6dfb2de0eb86f9d37506352a1e6252acfd483240ab61f1b0ffea7c526db6087,CUSTOMER,AL,Vlorë,78.3,61.78,AL5955631583882574,2553.19,2025-03-04 09:28:55.432289,2025-07-07 09:28:55.432289
366,Deanna Newman,gfrye@example.org,acd7e99fa40a1243a9a3a310ff48bde4170e8bd414d2ceceea449e9def77d034,CUSTOMER,US,New York,58.1,61.22,AL2029442269774078,4771.19,2024-09-13 12:42:13.432289,2024-12-24 12:42:13.432289
367,Kimberly King,marquezsherry@example.com,f35ed618f68da60f6509345a69e2e6ace649f2169dc54c4712a044b25236abf9,CUSTOMER,AL,Durrës,84.0,1611.07,AL6978740679655100,1710.5,2025-08-15 12:42:47.433288,2025-10-06 12:42:47.433288
368,Michelle Fisher,joelperez@example.org,f0b6a22d71332212b31a7291e23b639ebb464da39913984b5f61eebef165572c,ANALYST,AL,Shkodër,86.0,2535.41,AL8920640293266385,9499.59,2025-06-30 13:48:24.433288,2025-08-01 13:48:24.433288
369,Daniel Stevens,rjackson@example.org,10ac834305fa73f49a9997fd6de1932d42a625c5fe19e9ccd30c11809975402a,CUSTOMER,AL,Elbasan,79.6,181.62,AL1089206585770171,1111.42,2025-04-14 22:11:00.434288,2025-05-24 22:11:00.434288
370,Lance Rocha,brendafranklin@example.org,b54ba3e77733fd971c24232e74b88cf764c667aa5a9bb08bc617dbe9c9ef6071,CUSTOMER,AL,Durrës,71.1,2935.05,AL0921319132005202,14287.41,2026-01-08 11:04:58.434288,2026-03-03 11:04:58.434288
371,Dale Cohen,fjoseph@example.org,30fad72e4427d94bb57909c4e0be157195c142438db39f597626948f006b2ad0,CUSTOMER,FR,Marseille,59.5,79.0,AL2812197562089005,189.31,2026-03-29 22:57:55.435353,2026-10-04 22:57:55.435353
372,Debbie Elliott,amy49@example.net,71020c38904990b2298b606a268a7dddc2ebbb1b8a612a14935a6e09ec3188c7,CUSTOMER,TR,Bursa,48.2,1454.8,AL1586214431159549,260.84,2025-10-09 03:08:15.436352,2026-02-24 03:08:15.436352
373,John Evans,umunoz@example.org,5d5e34ebc3c7efad3d9ab37d02313e13b36db7b604de052eebb84b7479f8dddd,CUSTOMER,AL,Shkodër,78.6,46.62,AL2614974909389667,885.61,2025-10-17 17:26:17.436352,2025-12-24 17:26:17.436352
374,John Watkins,yterrell@example.net,9f480eba1c1182b5337827c29f8f1abbcfae8e1a9a999f2d16d18f9d913bbfd4,CUSTOMER,AL,Vlorë,76.1,234.35,AL4389973728240035,11022.54,2025-05-22 19:15:09.437353,2025-05-25 19:15:09.437353
375,Amber Cunningham,lynchedward@example.com,daa831e5609b2f948636ba7f51b08e013c020898796a32fd9a4566bb91abf090,CUSTOMER,AL,Tirana,70.4,313.18,AL4742451119713418,3643.24,2025-04-06 08:56:51.437353,2025-04-09 08:56:51.437353
376,Steven Alexander,william22@example.com,de6eb067d0a27cae7af68fa1db9543c4cde71a46b512fac57200a7a89b96cfc7,CUSTOMER,US,Chicago,71.5,364.32,AL5323666606865274,53654.57,2025-10-18 05:38:12.438352,2025-12-09 05:38:12.438352
377,Laura Galvan,lopezjohn@example.net,209d554e0552f60b7a874e6bb5ffcbc397967690f6a20fa1bda9350ba9d7466f,CUSTOMER,FR,Lyon,88.5,574.43,AL0000209913765966,473.21,2024-11-14 18:08:46.439352,2025-01-11 18:08:46.439352
378,Joyce Wilson,laurenkelly@example.com,b46f7af5479e91e9e23d70381b9db6e976322884766fb8dfcd6a16075cfb9e68,CUSTOMER,AL,Durrës,73.0,97.36,AL1889277789401880,3419.45,2025-04-23 11:18:28.440351,2025-07-05 11:18:28.440351
379,Guy Wright,craigvang@example.com,b84326751cec457c9267882c796eeab57eb768ef28d799551fb1997e9f3bbe6e,CUSTOMER,AL,Tirana,78.7,787.2,AL5618450852330988,5420.37,2025-01-23 23:24:12.441445,2025-04-24 23:24:12.441445
380,Joanna Smith,haley10@example.net,7a1b58ccbee07d643554d23fbadb4e8e79213cf2a6d5084be56cdcc2a19e02a4,CUSTOMER,AL,Vlorë,61.9,507.79,AL1475592264901348,771.68,2025-05-25 06:33:31.441445,2025-08-31 06:33:31.441445
381,Jose Gill,browntyrone@example.com,09493c3ffd47ab07cfb07e2488317560922292fcf02e4a5280e10d676eead248,CUSTOMER,AL,Shkodër,64.4,37.71,AL3867485634830334,1207.98,2026-02-26 08:59:36.442444,2026-05-01 08:59:36.442444
382,Matthew Turner,dharris@example.com,7745470e6c4584aab7ea4a989757cf40fe08495b0fcc7cf811f78104034f80a1,CUSTOMER,AL,Shkodër,93.9,142.05,AL8274069109527332,195.94,2025-06-30 08:15:43.442444,2025-10-27 08:15:43.442444
383,Edwin Adams,aortiz@example.net,492abe0c118f637711a65089b78f2da1f095bb91860029031c86a6763463dc30,CUSTOMER,AL,Vlorë,94.7,223.31,AL1042075944803728,1948.38,2024-10-29 19:14:10.443443,2025-04-26 19:14:10.443443
384,Jennifer Johnson,griffithtiffany@example.net,56d3c0ef482d0c8e87e4e361a8423887f9b524170cd5bea67fa7a479290a9857,CUSTOMER,AL,Durrës,71.5,1050.97,AL4482303058499055,2794.65,2025-11-03 18:23:40.444444,2026-01-19 18:23:40.444444
385,Tyler Brooks,dreynolds@example.net,7def218bfb1de82b2e4ee9370abf4b48b1d9af30fa866d951cbbcc86d6691897,CUSTOMER,AL,Tirana,60.7,12.18,AL0504677728337307,379.45,2025-09-29 20:21:33.444444,2025-10-27 20:21:33.444444
386,Sean Bell,agonzalez@example.com,fa040dfe0dff0a3fbd7db82d7520142d9b9369221e2f0f989bddb32f4e84681e,CUSTOMER,DE,Munich,62.7,181.12,AL4830827750964877,468.48,2025-02-04 20:29:48.445443,2025-03-09 20:29:48.445443
387,Brandy Green,ryanpark@example.com,8901bfe89c9b5b380f880ba4a0b1bbdbe465c783b93912fa69481942abb4e2fd,ANALYST,AL,Tirana,72.4,120.09,AL3699344075357068,72.55,2026-01-26 15:09:22.446442,2026-02-13 15:09:22.446442
388,Nicole Wright,elizabeth99@example.com,d18ac32d9fdd26493e9379e7041b1f83b4a39fe8d4482e724359b65f9bc709f1,CUSTOMER,AL,Durrës,76.8,9.51,AL6398877590713267,42283.38,2024-11-17 19:57:04.447507,2024-12-02 19:57:04.447507
389,Maria Avery,vrodriguez@example.org,9d5932b9f66cb7d72822cb60f8ce309fe92b23d0311ca8be6fa1dfd3a316e2d5,CUSTOMER,AL,Durrës,63.5,472.34,AL1352213289300345,214.68,2026-04-05 15:56:48.447507,2026-05-31 15:56:48.447507
390,Tammy Wilson,omccoy@example.org,2247a8aa029fa7e5773e83f64c18902244ed4766953b5c8cccd4ed1eed7e31bc,CUSTOMER,AL,Tirana,58.2,165.64,AL2459083769190864,339.3,2025-04-25 18:57:48.448505,2025-07-13 18:57:48.448505
391,Rebecca Carson,nmorris@example.net,0770ad0dfd97d00c73fd711ac5a3615bbf5ee4f51fcd1c350e0a438c8da35d84,CUSTOMER,GR,Thessaloniki,94.6,61.83,AL9072211189508659,4346.9,2025-10-11 02:01:15.449505,2026-03-15 02:01:15.449505
392,Larry Conley,yramos@example.net,3f5dc0f9e70bed7ba1926380e5c9b2ca19a1014785c70e9f4fcddc9f7e39971f,ANALYST,FR,Nice,53.9,47.28,AL3472656470788930,692.08,2025-04-19 03:30:53.449505,2025-08-27 03:30:53.449505
393,Lisa Freeman,anthony26@example.org,99885f508680620582566a64ac8a5b76d7f592aa636776c43e5d77b710cac341,CUSTOMER,DE,Berlin,72.5,240.19,AL5913097247952666,8721.02,2025-11-17 23:45:30.450506,2025-11-20 23:45:30.450506
394,Katie Martinez,webbgregory@example.com,8daed13a06d70e78fe01f1c9522156781662d41bedbb589c817244d127dabb85,CUSTOMER,DE,Cologne,91.3,2313.88,AL3778797978895793,1045.89,2024-07-28 05:34:20.451503,2024-08-20 05:34:20.451503
395,William Hall,rmiller@example.org,f61c166eed24c3489db736b5de82049c9569d3812c5e1cc771b6e1701f14924a,CUSTOMER,FR,Lyon,93.6,1545.48,AL7543609525815585,1952.07,2025-10-01 05:24:53.451503,2026-03-28 05:24:53.451503
396,Amanda Walker,michelemartin@example.com,7fcb9f6782008f2a46711b98f7148581bfde716162c3cc411bf92cb6e09fb445,CUSTOMER,AL,Tirana,73.9,138.01,AL7690952379396158,1171.78,2025-08-13 00:23:16.452502,2025-08-23 00:23:16.452502
397,Bill Scott,hernandezjames@example.org,d8757f86c4e8652d2d7512ec3a5ad89eea181e9c929609cf6e1bba15e14e896f,CUSTOMER,AL,Elbasan,76.7,229.06,AL5388573709551508,4361.72,2026-01-06 01:44:22.452502,2026-06-22 01:44:22.452502
398,Jim Dominguez,gmitchell@example.net,b1af92fcbb191e4447eda478746bf7df9639d028b8c076954012090877cc3c3e,CUSTOMER,AL,Shkodër,56.7,248.95,AL2895350500559598,6942.29,2024-10-02 00:22:30.453581,2024-12-08 00:22:30.453581
399,Mark Peterson,john91@example.com,02507a3fd768727e2045d1afafc467c4f2cb3217482e01bda429a20c01ddc893,CUSTOMER,AL,Tirana,95.3,170.29,AL2241515611872829,2256.93,2024-10-02 16:15:54.453581,2024-10-05 16:15:54.453581
400,Michael Howard,laura99@example.net,4bdc96194c781270ef53eb217f96ebbb67dd8e0476bd6f64aae84caefe8d6bb3,CUSTOMER,AL,Vlorë,58.8,534.5,AL2993253940103388,3614.99,2025-12-05 22:30:11.454580,2026-01-02 22:30:11.454580
401,Charles Miller,jennifersalinas@example.net,a627397485da37c928e6f24814e3a2a4dedc9bc50e15a9ccce386c982b43bd0a,CUSTOMER,AL,Elbasan,88.4,186.85,AL5934070672633527,232.7,2026-01-25 05:11:56.455578,2026-07-06 05:11:56.455578
402,Jessica Davis,joshua64@example.net,a519dbd5b004ae6de55e4f85e650d1ac902b5d0e0e865ae4d444ea21afa17061,CUSTOMER,RS,Niš,80.2,1247.39,AL6771722119334755,768.66,2025-11-14 16:42:17.455578,2026-04-30 16:42:17.455578
403,Yvette Butler,websterchristopher@example.net,3228053700e1ddc4bd39dd71618d0b30d57fa88387c558f292eb59ce811a881a,CUSTOMER,IT,Milan,84.9,164.14,AL8580723096951341,1457.9,2024-09-14 08:00:07.456578,2025-01-04 08:00:07.456578
404,Samantha Ayers,fpeterson@example.org,cb3ea81ce85b0bbedbfb7c1ff68770de428e007bd06dec016d9f337df3854937,CUSTOMER,IT,Milan,69.8,102.41,AL6736029582299838,17611.03,2025-03-10 00:58:10.456578,2025-06-09 00:58:10.456578
405,Kevin Garrett,rhoward@example.com,1a55dcc9966a37eca07f0ca3fb95bca04e33dfd1e21fee884454eb9fc87500d8,CUSTOMER,AL,Shkodër,77.0,571.15,AL4227816437274078,39977.21,2025-06-03 08:50:58.457576,2025-07-02 08:50:58.457576
406,Jeffery Simmons,rward@example.com,4728ef3c84e14c7753c9d07e70466ddf53d741bf1eed3ebe2e90f907d7fc5002,CUSTOMER,GB,Manchester,50.7,1353.02,AL8894111953415470,405.67,2025-08-28 14:36:49.457576,2026-03-02 14:36:49.457576
407,Catherine Olson,anthony31@example.com,a94af52465c8e8d835a6e5df41d05b0c7b662070d05e4e22de401d8e22f8a687,CUSTOMER,FR,Nice,76.0,129.88,AL8310318999534284,3167.07,2025-12-29 13:04:45.458577,2026-03-13 13:04:45.458577
408,Andrew Harris,vsaunders@example.net,e8638190609bd5ca9f0b52295531c26f062be40135421111d4a66c85e1e8c0f1,CUSTOMER,AL,Vlorë,81.1,163.91,AL2650437396148277,3466.87,2025-08-16 08:03:28.459642,2026-01-01 08:03:28.459642
409,Mackenzie Rose,woodardangela@example.net,58e31e83235c8c095eac1a404ff5b58a612cd0e33dae516cc609a29959911904,CUSTOMER,AL,Tirana,85.6,1465.39,AL5597969658809687,1327.25,2024-08-03 07:14:28.460642,2024-09-09 07:14:28.460642
410,April Hebert,victoria23@example.org,5c2bb7fb49718e4b9f6c28fd9532ca3f0a343b14077dee6d0644c5516fb04eb0,CUSTOMER,AL,Durrës,60.2,2757.06,AL3817993027163765,10335.25,2025-12-07 03:50:55.461642,2026-05-12 03:50:55.461642
411,Harold Rosario,michael52@example.net,3bb1c04068b40cc8aa636c047cd1f876c07c15bdead0851495c41afea68bdc59,CUSTOMER,IT,Florence,71.0,874.2,AL7918018796655528,35.94,2025-01-09 06:57:03.461642,2025-05-22 06:57:03.461642
412,Richard Craig,jasonproctor@example.org,37c49abaf57a58fcc7059bceab668e87cd2297996d1c00534b4f105799f49015,CUSTOMER,AL,Elbasan,61.5,81.88,AL5207510933639632,482.91,2025-04-11 17:18:08.463640,2025-09-30 17:18:08.463640
413,Chelsea Ashley,fernandezabigail@example.net,4bfd481faf32cb165041d3fec6e8d04f11126f07acf176ed369a3a0a31c150c3,CUSTOMER,AL,Shkodër,62.0,1083.17,AL1700717119193791,251.4,2025-04-13 22:50:37.464639,2025-10-03 22:50:37.464639
414,Kyle Parks,christopher97@example.net,a88be3c62de2cbe7404f5ddfedbf023817a79ff23182ea4997c43591778e7617,CUSTOMER,AL,Tirana,52.4,305.91,AL0693624761894358,345.07,2025-12-13 01:17:17.465709,2026-03-13 01:17:17.465709
415,Jessica Wilson,rodney72@example.com,ffbbc84b1b383ee8af3846514d373c97d1a1545e2ece68c67e54e90d8e8c92f9,CUSTOMER,GB,Leeds,80.9,250.28,AL5188090463207043,566.97,2024-12-03 07:20:04.466710,2025-05-15 07:20:04.466710
416,Tara Reese,sandrasanchez@example.org,8883e746d855a40e4c962115436768cf352aed7e09d91fdf2d75a17a9d118711,CUSTOMER,AL,Vlorë,68.7,786.5,AL3265399169401691,1819.86,2024-11-27 14:51:33.467720,2025-03-16 14:51:33.467720
417,Larry Young,jamesward@example.org,ed14420d2a4e54a5dfea6b420f76c8771a33efcb507b2bfc1b8d82f6029ebe6f,CUSTOMER,TR,Ankara,93.3,619.2,AL0061596514838721,824.41,2025-03-25 02:42:54.468719,2025-05-30 02:42:54.468719
418,Travis Sanders,dana22@example.com,5978ee44ca4264a26ba9e40b680f3a877ce9231bcbc391c7ba737bdf5efaa566,CUSTOMER,AL,Elbasan,83.8,331.2,AL7499942088508256,240.32,2025-01-18 23:36:25.471867,2025-02-16 23:36:25.471867
419,Robert Murphy DDS,garciapaul@example.com,4a84d1069f1f99637414a7405b5a8015eb466bf2e156e8f52d73c136e7378734,CUSTOMER,GR,Athens,78.5,675.93,AL2745714042922012,119.26,2025-11-30 01:04:55.473866,2026-05-26 01:04:55.473866
420,Joan Russell,gperry@example.com,67c0840ed17c800088761f3e22ec33984d9c0fb30fd5ee4cd9956023021f2b27,CUSTOMER,MK,Skopje,75.7,220.94,AL5800975955287277,396.77,2024-09-01 07:28:36.474866,2024-09-20 07:28:36.474866
421,Jessica Owen,thompsonregina@example.org,1ea5e9bce10b7bd31318324c120cbb45cc40b01d6a340ed9334f33cd39ab942f,CUSTOMER,IT,Rome,63.4,996.85,AL1264174169513599,256.36,2026-01-06 03:59:28.476989,2026-04-30 03:59:28.476989
422,Austin Perkins,josephparker@example.org,977294312b9d92e7435df6b00a3491ef1083055b919d529a9dfdd4fe1342449d,CUSTOMER,FR,Marseille,50.0,216.71,AL9387887717076763,443.83,2025-01-24 14:13:27.477991,2025-04-07 14:13:27.477991
423,Jerry Taylor,levinerhonda@example.org,52189cec1e550b1b9ce849c6fc60eb6ac9bc00451d4fd9195aede586a88ec0c4,CUSTOMER,AL,Vlorë,68.1,2286.99,AL6881365415705959,1169.29,2025-10-06 14:09:30.478989,2026-02-19 14:09:30.478989
424,Mark Hughes,eburch@example.org,f72541052ca87135b56b5014662f3ed309ce8e1fb3a0ed7174fc1278bc7d70e3,CUSTOMER,AL,Durrës,72.1,152.05,AL3450442343955290,1402.23,2025-11-25 03:51:50.479987,2026-03-15 03:51:50.479987
425,Nicole Campbell,pgraham@example.com,94c07607a5ad2de7f15ee1facb88f8c62a5471900ba89d7582a77a62cba52060,ADMIN,AL,Elbasan,79.2,125.69,AL2701086793755640,1070.98,2025-12-13 04:23:28.480989,2026-04-05 04:23:28.480989
426,Michele Perez,dcurtis@example.net,17050544a78d455fbad3e0cf351fc072a233fc4801c651e88f1586e9e0da6a2b,CUSTOMER,AL,Tirana,87.3,79.49,AL5167530664775084,21148.91,2024-11-26 10:31:10.481988,2025-04-09 10:31:10.481988
427,Michelle Vasquez,kirkcarolyn@example.com,609a559274c7360c9779c3e67f8aceeaf89e29f258a3398b9086f2bd9214a1a1,CUSTOMER,AL,Durrës,89.4,1215.92,AL6773916170236023,8571.47,2026-01-25 15:13:47.481988,2026-05-27 15:13:47.481988
428,Danielle Beasley,fischerpatricia@example.com,2b2bac7cb5f0d65c93902935ca322c8591f7879566f5cc86857f008b2cbdad52,ANALYST,US,Chicago,73.3,262.05,AL5934520216038566,8299.72,2025-05-02 20:41:06.483065,2025-06-30 20:41:06.483065
429,Cory Pierce,vjones@example.org,67afaa7c9e509d5dbadc79b0360281219ce4de1e0a1b68c572be6d755b24de71,CUSTOMER,FR,Bordeaux,88.8,557.93,AL1104029890661949,860.54,2024-08-13 16:52:08.484066,2024-09-08 16:52:08.484066
430,Brian Mcdonald,kaufmandeborah@example.com,db5186fb11e82f262f975265e78d93868abc6fc369bbf095d70dce963e8066a8,CUSTOMER,AL,Elbasan,74.5,45.49,AL3126851974593016,118.87,2024-06-27 04:03:25.484066,2025-01-12 04:03:25.484066
431,Richard Miller,fwhitehead@example.com,f07676979759eb5dd8995fcec2813a5179a813062148adfdac4847c832a68a58,CUSTOMER,AL,Elbasan,80.1,7082.31,AL5754450919054548,164.74,2024-06-29 15:26:14.485066,2024-11-13 15:26:14.485066
432,Darrell Johnson,sbrown@example.org,ccf02b9122c83ceca3a4ed769b97283b1e32a2fdb3e18a680482b65fd3eb489d,CUSTOMER,AL,Durrës,92.6,472.97,AL4883256179853374,1296.05,2024-10-25 02:09:06.486064,2024-11-15 02:09:06.486064
433,Christina Schmitt,smithbrianna@example.com,af7e9ddb8de95816a81c8d30f0b0205099d729bc6b0d3455e640984c710b3b43,CUSTOMER,AL,Vlorë,55.5,1000.52,AL9865317064795543,671.8,2025-05-11 03:30:57.487065,2025-10-02 03:30:57.487065
434,Kenneth Castro,anthony19@example.net,8a105af39ee03f7e1421a0caf603883c651c9417969a3729bf99a125a5bbd3a2,CUSTOMER,AL,Elbasan,61.2,122.73,AL7688245904227279,1928.71,2024-07-21 15:06:30.487065,2024-12-23 15:06:30.487065
435,Blake Martin,ebrown@example.com,e78a63b7e62108ba9739b2dc74f003215b193d93ec89d2406e4b98ced8ad35f8,CUSTOMER,DE,Hamburg,92.2,114.79,AL4346655921796434,800.0,2025-02-22 22:37:39.488165,2025-04-16 22:37:39.488165
436,David Vega,jenniferramos@example.net,cd20ca8d349a63dd508c4e93a80e0cb5aa6c2b9f28e5344bd4d258c29e4c7e1c,CUSTOMER,RS,Niš,66.8,191.44,AL4366343000454923,329.76,2025-10-19 08:36:17.490166,2025-12-07 08:36:17.490166
437,Joseph Charles,mfriedman@example.net,d7d211bbc345dedeff8605ef98fd2c326402eec247591d17505fc015b43daf5b,CUSTOMER,AL,Vlorë,77.3,96.77,AL0475116453360437,499.0,2024-05-29 11:05:54.491164,2024-07-20 11:05:54.491164
438,Zachary Singleton,rachel30@example.com,5903da72e7398851310600ed845ed18596360bce7023cf338c78ae066d320c77,CUSTOMER,AL,Vlorë,82.5,405.47,AL8205378939132963,599.51,2025-11-09 01:48:25.492164,2025-12-09 01:48:25.492164
439,Peggy Porter,ycabrera@example.net,66e4c42b682e4bfcfee38ab2c85fef3950a0ae5842a577877ac8f87802d51f51,CUSTOMER,AL,Vlorë,86.6,45.97,AL0455745869276505,1972.33,2026-04-22 04:08:30.493163,2026-04-23 04:08:30.493163
440,April Brady,ianderson@example.com,4176c1055261f42818a5d6226fe1fee58341871dd6d8018ea48e954172b6c85a,CUSTOMER,US,Chicago,90.7,92.82,AL1502345837972624,1060.36,2025-10-03 15:12:49.494162,2026-02-06 15:12:49.494162
441,Gina Gordon,janet87@example.net,e42d7591159f313903b21044f536373fedea387a925f5db228eeda48c6e1a1d1,ANALYST,FR,Paris,73.4,238.99,AL3684424862570722,1025.32,2024-10-17 11:17:25.494231,2025-04-18 11:17:25.494231
442,Joseph Hubbard,lmiller@example.net,4eb8bd90fd7e29120ee69aa6f46112703897a4391b5af019dde456ed9a7717ed,CUSTOMER,AL,Tirana,65.7,66.73,AL5818486170288030,6437.84,2025-11-18 00:32:34.495231,2026-01-11 00:32:34.495231
443,Jeffrey Walters,jlawrence@example.net,7e88f5faf00e3b33fab79eec0f60986e4044dea2e792fdf1bf77a97b409bc9de,CUSTOMER,US,Los Angeles,52.8,38.32,AL9071856762855305,696.05,2024-12-25 05:35:03.497236,2025-03-07 05:35:03.497236
444,Kerry Miller,joshuavillanueva@example.net,8ddad0f8c5e2d089def5e2e00857003cc78a96d1c70a2c62e09ea185a510dcfa,CUSTOMER,AL,Elbasan,69.7,154.81,AL7414851194630463,8618.85,2024-06-11 03:35:14.498249,2024-10-09 03:35:14.498249
445,Ashley Burke,samuelli@example.org,f6d0a9168c4703b7faf144faafc387a197b98c3871ef640a1558681aaa0fac02,CUSTOMER,AL,Tirana,30.5,25.52,AL6102159242072568,486.1,2024-12-08 04:14:15.502393,2025-06-08 04:14:15.502393
446,Stephen Baker,jody85@example.org,6f7b7f26190bb60c7c84ebb2cd6932c408c0f8ad4fb5b959e2ff16d0ae3ae980,CUSTOMER,AL,Elbasan,78.1,106.33,AL0618407743091856,712.91,2025-05-19 16:50:58.503392,2025-10-04 16:50:58.503392
447,Michael Williams,bakerjesse@example.org,80661e440532364b7f0f60dac08dee0e60bece37379c0ec41432e5142d772efe,ANALYST,AL,Shkodër,81.8,212.0,AL5912401377006372,6432.02,2026-03-19 15:28:19.504393,2026-05-11 15:28:19.504393
448,James Lane,benjamin53@example.com,7a3fd24e379e95b814c151912af771056c9158e97e0edeb4733122b16c256ba3,CUSTOMER,IT,Naples,76.3,132.54,AL5107983337679365,193.31,2024-12-14 19:45:57.505489,2025-06-22 19:45:57.505489
449,Megan Bonilla,rickypatterson@example.net,60fd93d4520f35307db7cd03b59c21186c28446434c58af068040a9f63550d90,CUSTOMER,DE,Hamburg,90.2,939.37,AL9979785089345663,262.76,2024-12-21 16:43:09.506489,2025-06-27 16:43:09.506489
450,Nicole Green,lvaldez@example.org,baa6e12604fde9554fe33affeb5971a53ebdf75160c437ae7c196d4133b73585,CUSTOMER,TR,Istanbul,81.9,75.73,AL5707126031272020,390.33,2025-03-15 23:19:08.507489,2025-07-17 23:19:08.507489
451,Jerry Mills,paulnewman@example.com,21309fe77eff983814fa65ffa953a0e1b8aac3cc825893f7e02e640d600b14e8,CUSTOMER,AL,Vlorë,75.5,1168.37,AL4996662800688633,1035.78,2026-04-14 21:47:25.508489,2026-07-06 21:47:25.508489
452,Rebecca Payne,stacyjames@example.org,b28375ff6fa14f778e77f8608f0d6dd3d76b83c19c796e2814c9433ba12dc345,CUSTOMER,GR,Patras,81.0,328.53,AL5588030362145702,770.93,2026-02-08 18:01:25.510487,2026-07-13 18:01:25.510487
453,Brooke Diaz,tracy13@example.org,63a57850135bb7ca046b0a9b94b818141edab9b8b0bf811ab1affbaa816927d6,ANALYST,US,Miami,76.8,3230.08,AL6772896986481589,9545.22,2025-06-10 01:35:38.511570,2025-08-15 01:35:38.511570
454,Maria Young,heathermarshall@example.net,a31719fdc6f364a969d107f05ae08214cedaa5c0a0c29ba4da33ebb20e4143e2,CUSTOMER,AL,Tirana,90.6,783.83,AL8924087074528481,2901.93,2024-08-26 08:10:21.512571,2024-12-21 08:10:21.512571
455,Amber Cain,bradleymelanie@example.com,a2804d5670d3c9b9355037e0caf950037ac653ac8c2c45529c3e182bfe94835b,CUSTOMER,FR,Nice,71.7,428.62,AL5661522914427473,2512.17,2025-12-19 09:42:38.514587,2026-02-23 09:42:38.514587
456,William Pratt PhD,kerrandrew@example.net,ba0625c0ed83c9a922fa5e546772924535004b7e5d5599a3af77aaac5c1a824a,CUSTOMER,DE,Frankfurt,85.1,50.68,AL4049028510458844,7099.57,2024-06-18 15:12:43.515568,2024-12-21 15:12:43.515568
457,Stephanie Davis,victorcastillo@example.net,5679f16e0a3786ac1689a80ee798858c4aea9e8db32f4d641cbf559bbcb00c45,CUSTOMER,FR,Bordeaux,67.1,32.1,AL7905053387580612,4066.95,2024-06-25 12:35:27.516567,2024-10-28 12:35:27.516567
458,Sarah Lee,timothyfriedman@example.org,291d44705d6ceda75662d114505aabeea8178fb3e3e00c44472c52afa040a2a7,CUSTOMER,GR,Athens,73.6,193.63,AL5923479047082596,435.14,2024-11-09 23:00:51.517645,2025-05-25 23:00:51.517645
459,Brian Gonzales,qbrown@example.org,8adee5c9a6db3c35d9a945440198006a333bd359f6f79508150f277770c0b53d,CUSTOMER,DE,Berlin,84.6,46.56,AL2113701289400840,501.7,2025-11-25 17:52:19.518646,2026-02-02 17:52:19.518646
460,Michael Gonzalez,birdkendra@example.com,157c7537b25832ad0c6e306086293bfb815d5edb2c44d078a14ebbd5287a31b1,CUSTOMER,GR,Athens,62.3,487.78,AL6365262991791792,88.91,2025-06-10 15:09:00.519644,2025-10-04 15:09:00.519644
461,Patrick Andrade,prattnancy@example.com,167f44d31ffc6a360fc9e93a74acc7e76c600bbaab31b0290058519980cf46f3,CUSTOMER,AL,Elbasan,95.9,35.97,AL4476269496990818,958.52,2024-07-05 09:16:40.520644,2024-07-18 09:16:40.520644
462,Rebecca Crawford,stephennavarro@example.net,3eaab31f2651f19b1e1a5bb5c1fe981ef2e2b2bdc156cb4eeff9c0391f2af378,CUSTOMER,DE,Frankfurt,63.0,311.28,AL3766592921880552,3024.01,2025-07-03 12:47:11.521644,2025-10-15 12:47:11.521644
463,Kevin Harris,gherrera@example.com,5e9fc458dbe53727a94412a21bcb7d5f47a039a174323f2369de9ad4a85beb6c,CUSTOMER,MK,Bitola,77.0,17.62,AL5512329346765982,900.61,2025-10-21 11:50:12.522644,2026-04-06 11:50:12.522644
464,Jordan Garrett,amiller@example.org,a09034e57b345278004fdc909bcab9ccb751ac2c6ab86e5eedcfd4141ebfeb0b,CUSTOMER,FR,Nice,74.8,612.11,AL5238297852053199,1763.18,2024-06-16 20:10:50.522644,2024-08-29 20:10:50.522644
465,Jeremy Leonard,uward@example.com,e5bd4db34baf9bbc92ed4c119472bf7aff30ece58e9da496da0f3b1939c17682,CUSTOMER,IT,Florence,88.5,121.31,AL7672449230198275,829.17,2024-09-09 07:08:10.523642,2025-03-26 07:08:10.523642
466,Colleen Sanchez,jamesparker@example.org,d30ee571bb93126dc451db6cb3bcbc048059a8bd7853c1a620a5cd2de3f2a5b2,CUSTOMER,AL,Elbasan,86.3,31.95,AL6220078151478939,4525.25,2025-08-06 16:19:10.523714,2026-01-09 16:19:10.523714
467,Allison Olson,lleonard@example.com,4e1a3b1220958fa82b40888b06abea7c766890ec42b06c7eb8c261f35af59837,CUSTOMER,GR,Thessaloniki,70.3,316.66,AL5269369801993556,49.32,2025-06-22 01:35:23.524715,2025-12-16 01:35:23.524715
468,Dana Jordan,marcus99@example.org,61de81cf64a8468f172294059206869146e83ac81a5be612a5eae2836d1fba2c,CUSTOMER,GR,Thessaloniki,46.2,7.57,AL3005311876806725,262.26,2026-03-12 17:12:19.524715,2026-08-12 17:12:19.524715
469,Brian Little,dakota11@example.org,05a7ee40528ea2a38af5b9bd0dce419d0ca1e54912719db1d02480bf6e9f577e,CUSTOMER,AL,Elbasan,70.4,469.98,AL6783843139778263,2767.5,2025-02-20 06:08:55.525714,2025-08-09 06:08:55.525714
470,Jeremy Moody,timothy41@example.com,529a10e9e246d3fe745c812caaccbe911ea29e676be58638572c0a1c246575e1,CUSTOMER,GR,Thessaloniki,84.6,74.61,AL1143903729799147,156.52,2024-11-15 20:11:46.525714,2024-11-16 20:11:46.525714
471,Michael Harris,tbrown@example.org,507d3c7a5e2c8fb33f87c2244c1c99938296175fbfedc87d31abc5264cb3e4e5,CUSTOMER,AL,Durrës,41.0,189.34,AL5477814646631988,3300.29,2026-01-09 18:03:54.526713,2026-03-14 18:03:54.526713
472,Jordan Hicks,zrodriguez@example.com,be0d748decce81dd840719ac1f527cdfbb9305f6b070184e5dbef95f34493b43,CUSTOMER,AL,Elbasan,86.0,585.58,AL0059079487286056,390.84,2026-04-01 08:25:56.526713,2026-09-08 08:25:56.526713
473,Valerie Bond,william85@example.com,c1a6cc19fa5bc0ac97800a10f61daedfc8035e301e875978497cbe06bf923edd,CUSTOMER,AL,Elbasan,47.5,190.17,AL0447412536935825,1034.35,2025-09-26 01:10:56.527712,2026-02-21 01:10:56.527712
474,Kevin Johnson,adam65@example.com,992bf3eac58d3ae5719c49b244d9d9577c3e33b0501c8235c0acd6bb356140aa,CUSTOMER,AL,Shkodër,86.3,523.88,AL7168148018179444,3163.99,2026-01-14 12:05:59.527712,2026-03-29 12:05:59.527712
475,David Salazar,kevans@example.org,65d0362af4ae5b876d9ebe9049796348d7cc4369be640e156bc15ee86a64004e,CUSTOMER,RS,Novi Sad,91.0,891.34,AL8426552718443464,1553.66,2025-07-05 23:12:38.528711,2025-08-27 23:12:38.528711
476,John Wagner,baileyrichard@example.com,b9a8a6d2c7009b2d8e9600c29f77b9d7beaf343aaad240053dd5700cbc3b2e46,CUSTOMER,AL,Tirana,46.2,470.97,AL6143407400565778,232.78,2026-02-06 06:56:30.528711,2026-08-21 06:56:30.528711
477,David Cooper,acook@example.net,6a999d3fa93d76fa6e7a4fe863f766921a26b7cc0e87eddccaa7fc61f54c2412,CUSTOMER,AL,Tirana,69.6,380.58,AL8866961536622028,2023.39,2025-09-26 13:54:36.529711,2026-03-30 13:54:36.529711
478,Michael Lopez,annette06@example.org,2960ce5581e715aa57fc63bbf7d245911840f7d8ae0f7a376701ff9d009ae199,CUSTOMER,AL,Durrës,85.6,667.88,AL5575259551020484,1233.37,2024-08-31 08:08:51.530856,2025-01-07 08:08:51.530856
479,Timothy Cabrera,mchang@example.com,c038a15afa75b66c366ba0014a0f41d06ed5cd2377083a4fc42c875d119fb817,CUSTOMER,GB,Manchester,62.8,171.51,AL4498701466213799,7811.99,2025-01-02 18:58:25.532869,2025-07-14 18:58:25.532869
480,Zachary Ramirez,millerdaniel@example.org,345788304e79accf93ba1fd488519a8bff11c6f28081a6ee8a27e0e36d7a1724,CUSTOMER,RS,Belgrade,71.8,200.31,AL9465638265503056,8151.97,2026-01-06 01:14:02.533857,2026-04-20 01:14:02.533857
481,Jay Chung,nicholsstephen@example.net,7ec44a5937b5b792454140f4c32da2e256f484ef82d20ab577c59b6787867b65,CUSTOMER,AL,Shkodër,72.9,162.3,AL0288108158753768,837.33,2025-04-29 13:58:42.534856,2025-09-29 13:58:42.534856
482,Christopher Shelton,olopez@example.net,b7674e15287b62b822639fa198b9c817c68c06b98abc50efc3605755932b8199,CUSTOMER,US,Houston,73.5,73.15,AL5011905309087718,446.83,2026-03-09 17:13:46.535855,2026-07-06 17:13:46.535855
483,David Patterson,pcontreras@example.org,93bed22f5aea6e162451a1958f8a65269b24a31a5f1b8bcb53762c8040944631,CUSTOMER,AL,Vlorë,84.1,356.92,AL2953056921950146,22541.41,2025-10-07 07:07:34.535855,2026-03-03 07:07:34.535855
484,Melissa Harris,bakerheidi@example.com,08a147d23598c3b29081158463eedfa7778f627e8a0705770c754b11d74e15ca,CUSTOMER,AL,Vlorë,62.0,205.97,AL6409199076281297,966.01,2024-06-14 18:28:36.536928,2024-07-06 18:28:36.536928
485,Glen Edwards,chasebell@example.net,2c392baabcfb56ab70819801df8e3a06fe20479f077eae944f02c187fe2ef700,CUSTOMER,AL,Shkodër,36.4,218.02,AL9776363627572781,3855.61,2024-08-28 23:50:35.536928,2025-02-18 23:50:35.536928
486,Kristina Cox,tiffany06@example.com,aa2ad31666d9906a4fc0bee91694b3a4c85c4bb05d75ab86f991caebdf04f621,CUSTOMER,AL,Shkodër,18.3,13.94,AL8948617367998544,2159.42,2024-11-23 04:47:40.537929,2025-06-01 04:47:40.537929
487,Matthew Holt,kristenyork@example.org,01177e193e3223b84bf5d7f32ffd86efb1e69d0d28d5c592881c70593ffc3b4c,CUSTOMER,AL,Vlorë,72.5,285.1,AL5853412454960550,11483.38,2025-09-19 19:57:57.538929,2025-11-29 19:57:57.538929
488,Susan Norris,lisa21@example.org,ba2e4d9839bc662e24c3c99eba69e90bfc8ccc2c7183544187988e7689fe38e4,CUSTOMER,AL,Shkodër,85.0,158.85,AL0223946649207628,1435.61,2025-06-07 13:24:45.538929,2025-07-09 13:24:45.538929
489,Christina Foster,jennifer21@example.net,75b9c09501febda272925ba62a4a2a1f103fea92b046a8e4dd5600a91a6686cd,CUSTOMER,FR,Nice,55.2,279.2,AL8709161166638083,625.77,2025-07-28 13:07:58.539929,2025-09-17 13:07:58.539929
490,Michael Tucker,munozdana@example.net,3adbdd17d3f26f06ce21446808b4c1d73645a634139cd0a84e9d33c7e631f769,CUSTOMER,TR,Bursa,76.3,229.28,AL2730510125920132,959.91,2025-07-09 07:37:19.539929,2025-09-11 07:37:19.539929
491,Kathy Hernandez,brooksmonique@example.org,1e67caf11a723323b06e4dab6c2dac2861c339cf884b686a358c69aebfde8bfe,CUSTOMER,FR,Bordeaux,75.7,1216.41,AL2332116405843232,3344.63,2024-08-25 15:22:51.540928,2024-11-01 15:22:51.540928
492,Lori Gonzales,jacquelinelawrence@example.com,22372bd4d99a85a4a6b7ec516b242d8c5ead8072cfb31dbca7fa399ef4ac03b8,CUSTOMER,AL,Tirana,88.6,388.77,AL3694131470726876,1491.77,2024-07-15 12:58:58.540928,2024-11-30 12:58:58.540928
493,Natalie Torres,hfranklin@example.net,4a0afe0047879e825c3be969ddcb6112e297a0d740614badec1777fef7294262,CUSTOMER,DE,Munich,86.2,312.26,AL0875531060175421,23884.87,2024-10-30 08:10:01.541928,2025-02-13 08:10:01.541928
494,Nicholas Cooke,andersonruth@example.com,069f092eeafbecbb88ba6d1a254c9576c4f812a983b14ff9c4aa46a3282de4ba,CUSTOMER,AL,Vlorë,41.6,149.06,AL1506013674137073,680.18,2025-12-28 09:38:10.542995,2025-12-28 09:38:10.542995
495,Jared Holt,jasonwhite@example.net,ae0de1494b2d295cc60066fbd6e48e2b633ba5bb5123ca0973c6f71515272466,CUSTOMER,AL,Shkodër,55.8,156.93,AL6549896311931205,1012.55,2024-09-13 00:52:13.542995,2025-02-08 00:52:13.542995
496,Chad Watson,donnanewman@example.net,56b51bb89cdbbb89fd7eb178536b95657d03e473ceacee0c9a8c381ff01db5e5,CUSTOMER,GB,Leeds,75.0,476.94,AL6617785746678077,10206.2,2025-05-21 19:12:45.543996,2025-09-07 19:12:45.543996
497,Jessica Henry,cory19@example.com,b59f933df779fde57fd1e461f9b83863f67533770cb28b54ae2cecbda578fb30,CUSTOMER,AL,Tirana,67.8,136.96,AL2195018216837417,5739.8,2025-05-14 00:47:43.543996,2025-06-03 00:47:43.543996
498,Maria Rosales,iunderwood@example.com,751e406445197b7387e180efb0c647aa219b1742f30a627dcbc6be904937feb7,CUSTOMER,AL,Vlorë,63.6,57.39,AL4173802254159124,13496.03,2025-03-23 13:37:26.544996,2025-08-15 13:37:26.544996
499,Vicki Hill,jacksonmichael@example.net,d636f36eabb561f0721f6b6934332f3e78a40a7c4def9467aa8025827ab73117,CUSTOMER,DE,Munich,65.1,350.06,AL5535445631241192,1134.12,2025-12-20 22:06:10.544996,2026-07-02 22:06:10.544996
500,Michael Harmon,ramoslinda@example.net,6b6235d42ea9636c3ece0024a4711db4a66dbc2f178b04d9a8b4db3b072ffcab,CUSTOMER,GB,Manchester,84.2,173.95,AL9350959335857277,1265.73,2025-11-25 08:50:11.545995,2026-05-23 08:50:11.545995
